Package Name,Resolved Version,Advisory ID,Title,CVSS Score,CVSS Type,CVSS Vector,Official Severity,Aliases,Advisory URL,Severity Rank
@ai-sdk/provider-utils,2.2.8,GHSA-866g-f22w-33x8,@ai-sdk/provider-utils has an Uncontrolled Resource Consumption issue,4.3,CVSS_V3,CVSS:3.1/AV:N/AC:L/PR:L/UI:N/S:U/C:N/I:N/A:L,LOW,CVE-2026-8769,https://nvd.nist.gov/vuln/detail/CVE-2026-8769,1
@grpc/grpc-js,1.13.1,GHSA-5375-pq7m-f5r2,@grpc/grpc-js: A malformed request can cause a server crash,7.5,CVSS_V3,CVSS:3.1/AV:N/AC:L/PR:N/UI:N/S:U/C:N/I:N/A:H,HIGH,CVE-2026-48068,https://github.com/grpc/grpc-node/security/advisories/GHSA-5375-pq7m-f5r2,3
@grpc/grpc-js,1.13.1,GHSA-99f4-grh7-6pcq,@grpc/grpc-js: An incoming malformed compressed message can cause a client or server crash,7.5,CVSS_V3,CVSS:3.1/AV:N/AC:L/PR:N/UI:N/S:U/C:N/I:N/A:H,HIGH,CVE-2026-48069,https://github.com/grpc/grpc-node/security/advisories/GHSA-99f4-grh7-6pcq,3
@hono/node-server,1.19.14,GHSA-frvp-7c67-39w9,Node.js Adapter for Hono: Path traversal in `serve-static` on Windows via encoded backslash (`%5C`),5.9,CVSS_V3,CVSS:3.1/AV:N/AC:H/PR:N/UI:N/S:U/C:H/I:N/A:N,MODERATE,,https://github.com/honojs/node-server/security/advisories/GHSA-frvp-7c67-39w9,2
@langchain/community,0.3.59,GHSA-gf3v-fwqg-4vh7,@langchain/community affected by SSRF Bypass in RecursiveUrlLoader via insufficient URL origin validation,4.1,CVSS_V3,CVSS:3.1/AV:N/AC:L/PR:L/UI:R/S:C/C:L/I:N/A:N,MODERATE,CVE-2026-26019,https://github.com/langchain-ai/langchainjs/security/advisories/GHSA-gf3v-fwqg-4vh7,2
@langchain/community,0.3.59,GHSA-mphv-75cg-56wg,LangChain Community: redirect chaining can lead to SSRF bypass via RecursiveUrlLoader,4.1,CVSS_V3,CVSS:3.1/AV:N/AC:L/PR:L/UI:R/S:C/C:L/I:N/A:N,MODERATE,CVE-2026-27795,https://github.com/langchain-ai/langchainjs/security/advisories/GHSA-gf3v-fwqg-4vh7,2
@langchain/community,1.1.12,GHSA-gf3v-fwqg-4vh7,@langchain/community affected by SSRF Bypass in RecursiveUrlLoader via insufficient URL origin validation,4.1,CVSS_V3,CVSS:3.1/AV:N/AC:L/PR:L/UI:R/S:C/C:L/I:N/A:N,MODERATE,CVE-2026-26019,https://github.com/langchain-ai/langchainjs/security/advisories/GHSA-gf3v-fwqg-4vh7,2
@langchain/community,1.1.12,GHSA-mphv-75cg-56wg,LangChain Community: redirect chaining can lead to SSRF bypass via RecursiveUrlLoader,4.1,CVSS_V3,CVSS:3.1/AV:N/AC:L/PR:L/UI:R/S:C/C:L/I:N/A:N,MODERATE,CVE-2026-27795,https://github.com/langchain-ai/langchainjs/security/advisories/GHSA-gf3v-fwqg-4vh7,2
@langchain/core,0.2.36,GHSA-r399-636x-v7f6,LangChain serialization injection vulnerability enables secret extraction,8.6,CVSS_V3,CVSS:3.1/AV:N/AC:L/PR:N/UI:N/S:C/C:H/I:N/A:N,HIGH,CVE-2025-68665,https://github.com/langchain-ai/langchainjs/security/advisories/GHSA-r399-636x-v7f6,3
@modelcontextprotocol/sdk,1.0.1,GHSA-w48q-cv73-mx4w,Model Context Protocol (MCP) TypeScript SDK does not enable DNS rebinding protection by default,7.6,CVSS_V4,CVSS:4.0/AV:N/AC:L/AT:P/PR:N/UI:P/VC:H/VI:H/VA:N/SC:N/SI:N/SA:N,HIGH,CVE-2025-66414,https://github.com/modelcontextprotocol/typescript-sdk/security/advisories/GHSA-w48q-cv73-mx4w,3
@opentelemetry/auto-instrumentations-node,0.52.1,GHSA-q7rr-3cgh-j5r3,Prometheus exporter process crash via malformed HTTP request,7.5,CVSS_V3,CVSS:3.1/AV:N/AC:L/PR:N/UI:N/S:U/C:N/I:N/A:H,HIGH,CVE-2026-44902,https://github.com/open-telemetry/opentelemetry-js/security/advisories/GHSA-q7rr-3cgh-j5r3,3
@opentelemetry/core,1.27.0,GHSA-8988-4f7v-96qf,OpenTelemetry Core: Unbounded memory allocation in W3C Baggage propagation,5.3,CVSS_V3,CVSS:3.1/AV:N/AC:L/PR:N/UI:N/S:U/C:N/I:N/A:L,MODERATE,CVE-2026-54285,https://github.com/open-telemetry/opentelemetry-js/security/advisories/GHSA-8988-4f7v-96qf,2
@opentelemetry/core,1.29.0,GHSA-8988-4f7v-96qf,OpenTelemetry Core: Unbounded memory allocation in W3C Baggage propagation,5.3,CVSS_V3,CVSS:3.1/AV:N/AC:L/PR:N/UI:N/S:U/C:N/I:N/A:L,MODERATE,CVE-2026-54285,https://github.com/open-telemetry/opentelemetry-js/security/advisories/GHSA-8988-4f7v-96qf,2
@opentelemetry/core,1.30.1,GHSA-8988-4f7v-96qf,OpenTelemetry Core: Unbounded memory allocation in W3C Baggage propagation,5.3,CVSS_V3,CVSS:3.1/AV:N/AC:L/PR:N/UI:N/S:U/C:N/I:N/A:L,MODERATE,CVE-2026-54285,https://github.com/open-telemetry/opentelemetry-js/security/advisories/GHSA-8988-4f7v-96qf,2
@opentelemetry/propagator-jaeger,1.27.0,GHSA-45rx-2jwx-cxfr,OpenTelemetry JavaScript: Denial of service in `JaegerPropagator` via unhandled exception on a malformed header,7.5,CVSS_V3,CVSS:3.1/AV:N/AC:L/PR:N/UI:N/S:U/C:N/I:N/A:H,HIGH,CVE-2026-59892,https://github.com/open-telemetry/opentelemetry-js/security/advisories/GHSA-45rx-2jwx-cxfr,3
@opentelemetry/sdk-node,0.54.2,GHSA-q7rr-3cgh-j5r3,Prometheus exporter process crash via malformed HTTP request,7.5,CVSS_V3,CVSS:3.1/AV:N/AC:L/PR:N/UI:N/S:U/C:N/I:N/A:H,HIGH,CVE-2026-44902,https://github.com/open-telemetry/opentelemetry-js/security/advisories/GHSA-q7rr-3cgh-j5r3,3
@tootallnate/once,1.1.2,GHSA-vpq2-c234-7xj6,@tootallnate/once vulnerable to Incorrect Control Flow Scoping,3.3,CVSS_V3,CVSS:3.1/AV:L/AC:L/PR:L/UI:N/S:U/C:N/I:N/A:L,LOW,CVE-2026-3449,https://nvd.nist.gov/vuln/detail/CVE-2026-3449,1
adm-zip,0.5.18,GHSA-xcpc-8h2w-3j85,adm-zip: Crafted ZIP file triggers 4GB memory allocation,7.5,CVSS_V3,CVSS:3.1/AV:N/AC:L/PR:N/UI:N/S:U/C:N/I:N/A:H,HIGH,CVE-2026-39244,https://nvd.nist.gov/vuln/detail/CVE-2026-39244,3
ai,4.3.19,GHSA-rwvc-j5jr-mgvh,Vercel’s AI SDK's filetype whitelists can be bypassed when uploading files,3.7,CVSS_V3,CVSS:3.1/AV:N/AC:H/PR:N/UI:N/S:U/C:N/I:L/A:N,LOW,CVE-2025-48985,https://nvd.nist.gov/vuln/detail/CVE-2025-48985,1
axios,1.12.0,GHSA-35jp-ww65-95wh,axios Vulnerable to Full Man-in-the-Middle via Prototype Pollution Gadget in `config.proxy`,8.7,CVSS_V3,CVSS:3.1/AV:N/AC:H/PR:N/UI:N/S:C/C:H/I:H/A:N,HIGH,CVE-2026-44494,https://github.com/axios/axios/security/advisories/GHSA-35jp-ww65-95wh,3
axios,1.12.0,GHSA-3g43-6gmg-66jw,axios Vulnerable to Credential Theft and Response Hijacking via Prototype Pollution Gadget in Config Merge,7.0,CVSS_V3,CVSS:3.1/AV:N/AC:H/PR:N/UI:N/S:U/C:H/I:L/A:L,HIGH,CVE-2026-44495,https://github.com/axios/axios/security/advisories/GHSA-3g43-6gmg-66jw,3
axios,1.12.0,GHSA-3p68-rc4w-qgx5,Axios has a NO_PROXY Hostname Normalization Bypass that Leads to SSRF,6.3,CVSS_V4,CVSS:4.0/AV:N/AC:L/AT:P/PR:N/UI:N/VC:L/VI:L/VA:N/SC:L/SI:L/SA:N,MODERATE,CVE-2025-62718,https://github.com/axios/axios/security/advisories/GHSA-3p68-rc4w-qgx5,2
axios,1.12.0,GHSA-3w6x-2g7m-8v23,Axios: Invisible JSON Response Tampering via Prototype Pollution Gadget in `parseReviver`,6.5,CVSS_V3,CVSS:3.1/AV:N/AC:H/PR:N/UI:N/S:U/C:L/I:H/A:N,MODERATE,CVE-2026-42044,https://github.com/axios/axios/security/advisories/GHSA-3w6x-2g7m-8v23,2
axios,1.12.0,GHSA-42h9-826w-cgv3,Axios: Excessive recursion in formDataToJSON can cause denial of service,6.3,CVSS_V4,CVSS:4.0/AV:N/AC:L/AT:P/PR:N/UI:N/VC:N/VI:N/VA:L/SC:N/SI:N/SA:N,MODERATE,,https://github.com/axios/axios/security/advisories/GHSA-42h9-826w-cgv3,2
axios,1.12.0,GHSA-43fc-jf86-j433,Axios is Vulnerable to Denial of Service via __proto__ Key in mergeConfig,7.5,CVSS_V3,CVSS:3.1/AV:N/AC:L/PR:N/UI:N/S:U/C:N/I:N/A:H,HIGH,CVE-2026-25639,https://github.com/axios/axios/security/advisories/GHSA-43fc-jf86-j433,3
axios,1.12.0,GHSA-445q-vr5w-6q77,Axios: CRLF Injection in multipart/form-data body via unsanitized blob.type in formDataToStream,5.3,CVSS_V3,CVSS:3.1/AV:N/AC:L/PR:N/UI:N/S:U/C:N/I:L/A:N,MODERATE,CVE-2026-42037,https://github.com/axios/axios/security/advisories/GHSA-445q-vr5w-6q77,2
axios,1.12.0,GHSA-5c9x-8gcm-mpgx,Axios' HTTP adapter-streamed uploads bypass maxBodyLength when maxRedirects: 0,5.3,CVSS_V3,CVSS:3.1/AV:N/AC:L/PR:N/UI:N/S:U/C:N/I:N/A:L,MODERATE,CVE-2026-42034,https://github.com/axios/axios/security/advisories/GHSA-5c9x-8gcm-mpgx,2
axios,1.12.0,GHSA-62hf-57xw-28j9,Axios: unbounded recursion in toFormData causes DoS via deeply nested request data,7.5,CVSS_V3,CVSS:3.1/AV:N/AC:L/PR:N/UI:N/S:U/C:N/I:N/A:H,MODERATE,CVE-2026-42039,https://github.com/axios/axios/security/advisories/GHSA-62hf-57xw-28j9,2
axios,1.12.0,GHSA-6chq-wfr3-2hj9,Axios: Header Injection via Prototype Pollution,7.4,CVSS_V3,CVSS:3.1/AV:N/AC:H/PR:N/UI:N/S:U/C:H/I:H/A:N,HIGH,CVE-2026-42035,https://github.com/axios/axios/security/advisories/GHSA-6chq-wfr3-2hj9,3
axios,1.12.0,GHSA-777c-7fjr-54vf,Allocation of Resources Without Limits or Throttling in Axios,7.5,CVSS_V3,CVSS:3.1/AV:N/AC:L/PR:N/UI:N/S:U/C:N/I:N/A:H,HIGH,CVE-2026-44488,https://github.com/axios/axios/security/advisories/GHSA-777c-7fjr-54vf,3
axios,1.12.0,GHSA-7q8q-rj6j-mhjq,Axios: Nested axios option objects can consume polluted prototype values,6.3,CVSS_V4,CVSS:4.0/AV:N/AC:H/AT:P/PR:N/UI:N/VC:N/VI:L/VA:N/SC:N/SI:L/SA:N,MODERATE,,https://github.com/axios/axios/security/advisories/GHSA-7q8q-rj6j-mhjq,2
axios,1.12.0,GHSA-898c-q2cr-xwhg,axios has DoS & Header Injection via Prototype Pollution Read-Side Gadgets in axios merge functions,4.8,CVSS_V3,CVSS:3.1/AV:N/AC:H/PR:N/UI:N/S:U/C:N/I:L/A:L,MODERATE,CVE-2026-44490,https://github.com/axios/axios/security/advisories/GHSA-898c-q2cr-xwhg,2
axios,1.12.0,GHSA-fvcv-3m26-pcqx,Axios has Unrestricted Cloud Metadata Exfiltration via Header Injection Chain,4.8,CVSS_V3,CVSS:3.1/AV:N/AC:H/PR:N/UI:N/S:U/C:L/I:L/A:N,MODERATE,CVE-2026-40175,https://github.com/axios/axios/security/advisories/GHSA-fvcv-3m26-pcqx,2
axios,1.12.0,GHSA-hfxv-24rg-xrqf,Axios: Regular Expression Denial of Service (ReDoS) via Cookie Name Injection,7.5,CVSS_V3,CVSS:3.1/AV:N/AC:L/PR:N/UI:N/S:U/C:N/I:N/A:H,HIGH,CVE-2026-44496,https://github.com/axios/axios/security/advisories/GHSA-hfxv-24rg-xrqf,3
axios,1.12.0,GHSA-j5f8-grm9-p9fc,Axios: Proxy-Authorization header leaks to redirect target when proxy is re-evaluated to direct connection,7.5,CVSS_V3,CVSS:3.1/AV:N/AC:L/PR:N/UI:N/S:U/C:H/I:N/A:N,HIGH,CVE-2026-44486,https://github.com/axios/axios/security/advisories/GHSA-j5f8-grm9-p9fc,3
axios,1.12.0,GHSA-jqh4-m9w3-8hp9,Axios: Fetch adapter `ReadableStream` uploads bypass `maxBodyLength`,6.3,CVSS_V4,CVSS:4.0/AV:N/AC:L/AT:P/PR:N/UI:N/VC:N/VI:N/VA:L/SC:N/SI:N/SA:L,MODERATE,,https://github.com/axios/axios/security/advisories/GHSA-jqh4-m9w3-8hp9,2
axios,1.12.0,GHSA-m7pr-hjqh-92cm,Axios: no_proxy bypass via IP alias allows SSRF,6.8,CVSS_V3,CVSS:3.1/AV:N/AC:H/PR:N/UI:N/S:C/C:H/I:N/A:N,MODERATE,CVE-2026-42038,https://github.com/axios/axios/security/advisories/GHSA-m7pr-hjqh-92cm,2
axios,1.12.0,GHSA-mmx7-hfxf-jppx,Axios: Prototype pollution gadgets can alter axios request construction,6.3,CVSS_V4,CVSS:4.0/AV:N/AC:H/AT:P/PR:N/UI:N/VC:N/VI:L/VA:N/SC:N/SI:N/SA:N,MODERATE,,https://github.com/axios/axios/security/advisories/GHSA-mmx7-hfxf-jppx,2
axios,1.12.0,GHSA-p92q-9vqr-4j8v,Axios: Proxy-Authorization Credential Leak to Origin Server Across HTTP-to-HTTPS Redirect in Axios Node.js HTTP Adapter,8.2,CVSS_V4,CVSS:4.0/AV:N/AC:L/AT:P/PR:N/UI:N/VC:H/VI:N/VA:N/SC:N/SI:N/SA:N,HIGH,CVE-2026-44487,https://github.com/axios/axios/security/advisories/GHSA-p92q-9vqr-4j8v,3
axios,1.12.0,GHSA-pf86-5x62-jrwf,"Axios: Prototype Pollution Gadgets - Response Tampering, Data Exfiltration, and Request Hijacking",7.4,CVSS_V3,CVSS:3.1/AV:N/AC:H/PR:N/UI:N/S:U/C:H/I:H/A:N,HIGH,CVE-2026-42033,https://github.com/axios/axios/security/advisories/GHSA-pf86-5x62-jrwf,3
axios,1.12.0,GHSA-pmv8-rq9r-6j72,Axios: Deep formToJSON Key Recursion Can Cause Denial of Service,6.3,CVSS_V4,CVSS:4.0/AV:N/AC:L/AT:P/PR:N/UI:N/VC:N/VI:N/VA:L/SC:N/SI:N/SA:N,MODERATE,,https://github.com/axios/axios/security/advisories/GHSA-pmv8-rq9r-6j72,2
axios,1.12.0,GHSA-pmwg-cvhr-8vh7,Axios: Incomplete Fix for CVE-2025-62718 — NO_PROXY Protection Bypassed via RFC 1122 Loopback Subnet (127.0.0.0/8) in Axios 1.15.0,7.2,CVSS_V3,CVSS:3.1/AV:N/AC:L/PR:N/UI:N/S:C/C:L/I:L/A:N,HIGH,CVE-2026-42043,https://github.com/axios/axios/security/advisories/GHSA-pmwg-cvhr-8vh7,3
axios,1.12.0,GHSA-q8qp-cvcw-x6jj,Axios has prototype pollution read-side gadgets in HTTP adapter that allow credential injection and request hijacking,7.4,CVSS_V3,CVSS:3.1/AV:N/AC:H/PR:N/UI:N/S:U/C:H/I:H/A:N,HIGH,CVE-2026-42264,https://github.com/axios/axios/security/advisories/GHSA-q8qp-cvcw-x6jj,3
axios,1.12.0,GHSA-vf2m-468p-8v99,Axios: HTTP adapter streamed responses bypass maxContentLength,5.3,CVSS_V3,CVSS:3.1/AV:N/AC:L/PR:N/UI:N/S:U/C:N/I:N/A:L,MODERATE,CVE-2026-42036,https://github.com/axios/axios/security/advisories/GHSA-vf2m-468p-8v99,2
axios,1.12.0,GHSA-w9j2-pvgh-6h63,Axios: Authentication Bypass via Prototype Pollution Gadget in `validateStatus` Merge Strategy,4.8,CVSS_V3,CVSS:3.1/AV:N/AC:H/PR:N/UI:N/S:U/C:L/I:L/A:N,MODERATE,CVE-2026-42041,https://github.com/axios/axios/security/advisories/GHSA-w9j2-pvgh-6h63,2
axios,1.12.0,GHSA-xhjh-pmcv-23jw,Axios: Null Byte Injection via Reverse-Encoding in AxiosURLSearchParams,3.7,CVSS_V3,CVSS:3.1/AV:N/AC:H/PR:N/UI:N/S:U/C:N/I:L/A:N,LOW,CVE-2026-42040,https://github.com/axios/axios/security/advisories/GHSA-xhjh-pmcv-23jw,1
axios,1.12.0,GHSA-xx6v-rp6x-q39c,Axios: XSRF Token Cross-Origin Leakage via Prototype Pollution Gadget in `withXSRFToken` Boolean Coercion,5.4,CVSS_V3,CVSS:3.1/AV:N/AC:L/PR:N/UI:R/S:U/C:L/I:L/A:N,MODERATE,CVE-2026-42042,https://github.com/axios/axios/security/advisories/GHSA-xx6v-rp6x-q39c,2
axios,1.13.6,GHSA-35jp-ww65-95wh,axios Vulnerable to Full Man-in-the-Middle via Prototype Pollution Gadget in `config.proxy`,8.7,CVSS_V3,CVSS:3.1/AV:N/AC:H/PR:N/UI:N/S:C/C:H/I:H/A:N,HIGH,CVE-2026-44494,https://github.com/axios/axios/security/advisories/GHSA-35jp-ww65-95wh,3
axios,1.13.6,GHSA-3g43-6gmg-66jw,axios Vulnerable to Credential Theft and Response Hijacking via Prototype Pollution Gadget in Config Merge,7.0,CVSS_V3,CVSS:3.1/AV:N/AC:H/PR:N/UI:N/S:U/C:H/I:L/A:L,HIGH,CVE-2026-44495,https://github.com/axios/axios/security/advisories/GHSA-3g43-6gmg-66jw,3
axios,1.13.6,GHSA-3p68-rc4w-qgx5,Axios has a NO_PROXY Hostname Normalization Bypass that Leads to SSRF,6.3,CVSS_V4,CVSS:4.0/AV:N/AC:L/AT:P/PR:N/UI:N/VC:L/VI:L/VA:N/SC:L/SI:L/SA:N,MODERATE,CVE-2025-62718,https://github.com/axios/axios/security/advisories/GHSA-3p68-rc4w-qgx5,2
axios,1.13.6,GHSA-3w6x-2g7m-8v23,Axios: Invisible JSON Response Tampering via Prototype Pollution Gadget in `parseReviver`,6.5,CVSS_V3,CVSS:3.1/AV:N/AC:H/PR:N/UI:N/S:U/C:L/I:H/A:N,MODERATE,CVE-2026-42044,https://github.com/axios/axios/security/advisories/GHSA-3w6x-2g7m-8v23,2
axios,1.13.6,GHSA-42h9-826w-cgv3,Axios: Excessive recursion in formDataToJSON can cause denial of service,6.3,CVSS_V4,CVSS:4.0/AV:N/AC:L/AT:P/PR:N/UI:N/VC:N/VI:N/VA:L/SC:N/SI:N/SA:N,MODERATE,,https://github.com/axios/axios/security/advisories/GHSA-42h9-826w-cgv3,2
axios,1.13.6,GHSA-445q-vr5w-6q77,Axios: CRLF Injection in multipart/form-data body via unsanitized blob.type in formDataToStream,5.3,CVSS_V3,CVSS:3.1/AV:N/AC:L/PR:N/UI:N/S:U/C:N/I:L/A:N,MODERATE,CVE-2026-42037,https://github.com/axios/axios/security/advisories/GHSA-445q-vr5w-6q77,2
axios,1.13.6,GHSA-5c9x-8gcm-mpgx,Axios' HTTP adapter-streamed uploads bypass maxBodyLength when maxRedirects: 0,5.3,CVSS_V3,CVSS:3.1/AV:N/AC:L/PR:N/UI:N/S:U/C:N/I:N/A:L,MODERATE,CVE-2026-42034,https://github.com/axios/axios/security/advisories/GHSA-5c9x-8gcm-mpgx,2
axios,1.13.6,GHSA-62hf-57xw-28j9,Axios: unbounded recursion in toFormData causes DoS via deeply nested request data,7.5,CVSS_V3,CVSS:3.1/AV:N/AC:L/PR:N/UI:N/S:U/C:N/I:N/A:H,MODERATE,CVE-2026-42039,https://github.com/axios/axios/security/advisories/GHSA-62hf-57xw-28j9,2
axios,1.13.6,GHSA-6chq-wfr3-2hj9,Axios: Header Injection via Prototype Pollution,7.4,CVSS_V3,CVSS:3.1/AV:N/AC:H/PR:N/UI:N/S:U/C:H/I:H/A:N,HIGH,CVE-2026-42035,https://github.com/axios/axios/security/advisories/GHSA-6chq-wfr3-2hj9,3
axios,1.13.6,GHSA-777c-7fjr-54vf,Allocation of Resources Without Limits or Throttling in Axios,7.5,CVSS_V3,CVSS:3.1/AV:N/AC:L/PR:N/UI:N/S:U/C:N/I:N/A:H,HIGH,CVE-2026-44488,https://github.com/axios/axios/security/advisories/GHSA-777c-7fjr-54vf,3
axios,1.13.6,GHSA-7q8q-rj6j-mhjq,Axios: Nested axios option objects can consume polluted prototype values,6.3,CVSS_V4,CVSS:4.0/AV:N/AC:H/AT:P/PR:N/UI:N/VC:N/VI:L/VA:N/SC:N/SI:L/SA:N,MODERATE,,https://github.com/axios/axios/security/advisories/GHSA-7q8q-rj6j-mhjq,2
axios,1.13.6,GHSA-898c-q2cr-xwhg,axios has DoS & Header Injection via Prototype Pollution Read-Side Gadgets in axios merge functions,4.8,CVSS_V3,CVSS:3.1/AV:N/AC:H/PR:N/UI:N/S:U/C:N/I:L/A:L,MODERATE,CVE-2026-44490,https://github.com/axios/axios/security/advisories/GHSA-898c-q2cr-xwhg,2
axios,1.13.6,GHSA-fvcv-3m26-pcqx,Axios has Unrestricted Cloud Metadata Exfiltration via Header Injection Chain,4.8,CVSS_V3,CVSS:3.1/AV:N/AC:H/PR:N/UI:N/S:U/C:L/I:L/A:N,MODERATE,CVE-2026-40175,https://github.com/axios/axios/security/advisories/GHSA-fvcv-3m26-pcqx,2
axios,1.13.6,GHSA-hfxv-24rg-xrqf,Axios: Regular Expression Denial of Service (ReDoS) via Cookie Name Injection,7.5,CVSS_V3,CVSS:3.1/AV:N/AC:L/PR:N/UI:N/S:U/C:N/I:N/A:H,HIGH,CVE-2026-44496,https://github.com/axios/axios/security/advisories/GHSA-hfxv-24rg-xrqf,3
axios,1.13.6,GHSA-j5f8-grm9-p9fc,Axios: Proxy-Authorization header leaks to redirect target when proxy is re-evaluated to direct connection,7.5,CVSS_V3,CVSS:3.1/AV:N/AC:L/PR:N/UI:N/S:U/C:H/I:N/A:N,HIGH,CVE-2026-44486,https://github.com/axios/axios/security/advisories/GHSA-j5f8-grm9-p9fc,3
axios,1.13.6,GHSA-jqh4-m9w3-8hp9,Axios: Fetch adapter `ReadableStream` uploads bypass `maxBodyLength`,6.3,CVSS_V4,CVSS:4.0/AV:N/AC:L/AT:P/PR:N/UI:N/VC:N/VI:N/VA:L/SC:N/SI:N/SA:L,MODERATE,,https://github.com/axios/axios/security/advisories/GHSA-jqh4-m9w3-8hp9,2
axios,1.13.6,GHSA-m7pr-hjqh-92cm,Axios: no_proxy bypass via IP alias allows SSRF,6.8,CVSS_V3,CVSS:3.1/AV:N/AC:H/PR:N/UI:N/S:C/C:H/I:N/A:N,MODERATE,CVE-2026-42038,https://github.com/axios/axios/security/advisories/GHSA-m7pr-hjqh-92cm,2
axios,1.13.6,GHSA-mmx7-hfxf-jppx,Axios: Prototype pollution gadgets can alter axios request construction,6.3,CVSS_V4,CVSS:4.0/AV:N/AC:H/AT:P/PR:N/UI:N/VC:N/VI:L/VA:N/SC:N/SI:N/SA:N,MODERATE,,https://github.com/axios/axios/security/advisories/GHSA-mmx7-hfxf-jppx,2
axios,1.13.6,GHSA-mwf2-3pr3-8698,Axios: HTTP/2 streamed uploads bypass `maxBodyLength`,6.3,CVSS_V4,CVSS:4.0/AV:N/AC:L/AT:P/PR:N/UI:N/VC:N/VI:N/VA:L/SC:N/SI:N/SA:L,MODERATE,,https://github.com/axios/axios/security/advisories/GHSA-mwf2-3pr3-8698,2
axios,1.13.6,GHSA-p92q-9vqr-4j8v,Axios: Proxy-Authorization Credential Leak to Origin Server Across HTTP-to-HTTPS Redirect in Axios Node.js HTTP Adapter,8.2,CVSS_V4,CVSS:4.0/AV:N/AC:L/AT:P/PR:N/UI:N/VC:H/VI:N/VA:N/SC:N/SI:N/SA:N,HIGH,CVE-2026-44487,https://github.com/axios/axios/security/advisories/GHSA-p92q-9vqr-4j8v,3
axios,1.13.6,GHSA-pf86-5x62-jrwf,"Axios: Prototype Pollution Gadgets - Response Tampering, Data Exfiltration, and Request Hijacking",7.4,CVSS_V3,CVSS:3.1/AV:N/AC:H/PR:N/UI:N/S:U/C:H/I:H/A:N,HIGH,CVE-2026-42033,https://github.com/axios/axios/security/advisories/GHSA-pf86-5x62-jrwf,3
axios,1.13.6,GHSA-pmv8-rq9r-6j72,Axios: Deep formToJSON Key Recursion Can Cause Denial of Service,6.3,CVSS_V4,CVSS:4.0/AV:N/AC:L/AT:P/PR:N/UI:N/VC:N/VI:N/VA:L/SC:N/SI:N/SA:N,MODERATE,,https://github.com/axios/axios/security/advisories/GHSA-pmv8-rq9r-6j72,2
axios,1.13.6,GHSA-pmwg-cvhr-8vh7,Axios: Incomplete Fix for CVE-2025-62718 — NO_PROXY Protection Bypassed via RFC 1122 Loopback Subnet (127.0.0.0/8) in Axios 1.15.0,7.2,CVSS_V3,CVSS:3.1/AV:N/AC:L/PR:N/UI:N/S:C/C:L/I:L/A:N,HIGH,CVE-2026-42043,https://github.com/axios/axios/security/advisories/GHSA-pmwg-cvhr-8vh7,3
axios,1.13.6,GHSA-q8qp-cvcw-x6jj,Axios has prototype pollution read-side gadgets in HTTP adapter that allow credential injection and request hijacking,7.4,CVSS_V3,CVSS:3.1/AV:N/AC:H/PR:N/UI:N/S:U/C:H/I:H/A:N,HIGH,CVE-2026-42264,https://github.com/axios/axios/security/advisories/GHSA-q8qp-cvcw-x6jj,3
axios,1.13.6,GHSA-vf2m-468p-8v99,Axios: HTTP adapter streamed responses bypass maxContentLength,5.3,CVSS_V3,CVSS:3.1/AV:N/AC:L/PR:N/UI:N/S:U/C:N/I:N/A:L,MODERATE,CVE-2026-42036,https://github.com/axios/axios/security/advisories/GHSA-vf2m-468p-8v99,2
axios,1.13.6,GHSA-w9j2-pvgh-6h63,Axios: Authentication Bypass via Prototype Pollution Gadget in `validateStatus` Merge Strategy,4.8,CVSS_V3,CVSS:3.1/AV:N/AC:H/PR:N/UI:N/S:U/C:L/I:L/A:N,MODERATE,CVE-2026-42041,https://github.com/axios/axios/security/advisories/GHSA-w9j2-pvgh-6h63,2
axios,1.13.6,GHSA-xhjh-pmcv-23jw,Axios: Null Byte Injection via Reverse-Encoding in AxiosURLSearchParams,3.7,CVSS_V3,CVSS:3.1/AV:N/AC:H/PR:N/UI:N/S:U/C:N/I:L/A:N,LOW,CVE-2026-42040,https://github.com/axios/axios/security/advisories/GHSA-xhjh-pmcv-23jw,1
axios,1.13.6,GHSA-xx6v-rp6x-q39c,Axios: XSRF Token Cross-Origin Leakage via Prototype Pollution Gadget in `withXSRFToken` Boolean Coercion,5.4,CVSS_V3,CVSS:3.1/AV:N/AC:L/PR:N/UI:R/S:U/C:L/I:L/A:N,MODERATE,CVE-2026-42042,https://github.com/axios/axios/security/advisories/GHSA-xx6v-rp6x-q39c,2
axios,1.15.0,GHSA-35jp-ww65-95wh,axios Vulnerable to Full Man-in-the-Middle via Prototype Pollution Gadget in `config.proxy`,8.7,CVSS_V3,CVSS:3.1/AV:N/AC:H/PR:N/UI:N/S:C/C:H/I:H/A:N,HIGH,CVE-2026-44494,https://github.com/axios/axios/security/advisories/GHSA-35jp-ww65-95wh,3
axios,1.15.0,GHSA-3g43-6gmg-66jw,axios Vulnerable to Credential Theft and Response Hijacking via Prototype Pollution Gadget in Config Merge,7.0,CVSS_V3,CVSS:3.1/AV:N/AC:H/PR:N/UI:N/S:U/C:H/I:L/A:L,HIGH,CVE-2026-44495,https://github.com/axios/axios/security/advisories/GHSA-3g43-6gmg-66jw,3
axios,1.15.0,GHSA-3w6x-2g7m-8v23,Axios: Invisible JSON Response Tampering via Prototype Pollution Gadget in `parseReviver`,6.5,CVSS_V3,CVSS:3.1/AV:N/AC:H/PR:N/UI:N/S:U/C:L/I:H/A:N,MODERATE,CVE-2026-42044,https://github.com/axios/axios/security/advisories/GHSA-3w6x-2g7m-8v23,2
axios,1.15.0,GHSA-42h9-826w-cgv3,Axios: Excessive recursion in formDataToJSON can cause denial of service,6.3,CVSS_V4,CVSS:4.0/AV:N/AC:L/AT:P/PR:N/UI:N/VC:N/VI:N/VA:L/SC:N/SI:N/SA:N,MODERATE,,https://github.com/axios/axios/security/advisories/GHSA-42h9-826w-cgv3,2
axios,1.15.0,GHSA-445q-vr5w-6q77,Axios: CRLF Injection in multipart/form-data body via unsanitized blob.type in formDataToStream,5.3,CVSS_V3,CVSS:3.1/AV:N/AC:L/PR:N/UI:N/S:U/C:N/I:L/A:N,MODERATE,CVE-2026-42037,https://github.com/axios/axios/security/advisories/GHSA-445q-vr5w-6q77,2
axios,1.15.0,GHSA-5c9x-8gcm-mpgx,Axios' HTTP adapter-streamed uploads bypass maxBodyLength when maxRedirects: 0,5.3,CVSS_V3,CVSS:3.1/AV:N/AC:L/PR:N/UI:N/S:U/C:N/I:N/A:L,MODERATE,CVE-2026-42034,https://github.com/axios/axios/security/advisories/GHSA-5c9x-8gcm-mpgx,2
axios,1.15.0,GHSA-62hf-57xw-28j9,Axios: unbounded recursion in toFormData causes DoS via deeply nested request data,7.5,CVSS_V3,CVSS:3.1/AV:N/AC:L/PR:N/UI:N/S:U/C:N/I:N/A:H,MODERATE,CVE-2026-42039,https://github.com/axios/axios/security/advisories/GHSA-62hf-57xw-28j9,2
axios,1.15.0,GHSA-6chq-wfr3-2hj9,Axios: Header Injection via Prototype Pollution,7.4,CVSS_V3,CVSS:3.1/AV:N/AC:H/PR:N/UI:N/S:U/C:H/I:H/A:N,HIGH,CVE-2026-42035,https://github.com/axios/axios/security/advisories/GHSA-6chq-wfr3-2hj9,3
axios,1.15.0,GHSA-777c-7fjr-54vf,Allocation of Resources Without Limits or Throttling in Axios,7.5,CVSS_V3,CVSS:3.1/AV:N/AC:L/PR:N/UI:N/S:U/C:N/I:N/A:H,HIGH,CVE-2026-44488,https://github.com/axios/axios/security/advisories/GHSA-777c-7fjr-54vf,3
axios,1.15.0,GHSA-7q8q-rj6j-mhjq,Axios: Nested axios option objects can consume polluted prototype values,6.3,CVSS_V4,CVSS:4.0/AV:N/AC:H/AT:P/PR:N/UI:N/VC:N/VI:L/VA:N/SC:N/SI:L/SA:N,MODERATE,,https://github.com/axios/axios/security/advisories/GHSA-7q8q-rj6j-mhjq,2
axios,1.15.0,GHSA-898c-q2cr-xwhg,axios has DoS & Header Injection via Prototype Pollution Read-Side Gadgets in axios merge functions,4.8,CVSS_V3,CVSS:3.1/AV:N/AC:H/PR:N/UI:N/S:U/C:N/I:L/A:L,MODERATE,CVE-2026-44490,https://github.com/axios/axios/security/advisories/GHSA-898c-q2cr-xwhg,2
axios,1.15.0,GHSA-f4gw-2p7v-4548,Axios: NO_PROXY bypass for 0.0.0.0 local addresses in axios,6.9,CVSS_V4,CVSS:4.0/AV:N/AC:L/AT:P/PR:N/UI:N/VC:L/VI:N/VA:N/SC:H/SI:N/SA:N,MODERATE,,https://github.com/axios/axios/security/advisories/GHSA-f4gw-2p7v-4548,2
axios,1.15.0,GHSA-hfxv-24rg-xrqf,Axios: Regular Expression Denial of Service (ReDoS) via Cookie Name Injection,7.5,CVSS_V3,CVSS:3.1/AV:N/AC:L/PR:N/UI:N/S:U/C:N/I:N/A:H,HIGH,CVE-2026-44496,https://github.com/axios/axios/security/advisories/GHSA-hfxv-24rg-xrqf,3
axios,1.15.0,GHSA-j5f8-grm9-p9fc,Axios: Proxy-Authorization header leaks to redirect target when proxy is re-evaluated to direct connection,7.5,CVSS_V3,CVSS:3.1/AV:N/AC:L/PR:N/UI:N/S:U/C:H/I:N/A:N,HIGH,CVE-2026-44486,https://github.com/axios/axios/security/advisories/GHSA-j5f8-grm9-p9fc,3
axios,1.15.0,GHSA-jqh4-m9w3-8hp9,Axios: Fetch adapter `ReadableStream` uploads bypass `maxBodyLength`,6.3,CVSS_V4,CVSS:4.0/AV:N/AC:L/AT:P/PR:N/UI:N/VC:N/VI:N/VA:L/SC:N/SI:N/SA:L,MODERATE,,https://github.com/axios/axios/security/advisories/GHSA-jqh4-m9w3-8hp9,2
axios,1.15.0,GHSA-m7pr-hjqh-92cm,Axios: no_proxy bypass via IP alias allows SSRF,6.8,CVSS_V3,CVSS:3.1/AV:N/AC:H/PR:N/UI:N/S:C/C:H/I:N/A:N,MODERATE,CVE-2026-42038,https://github.com/axios/axios/security/advisories/GHSA-m7pr-hjqh-92cm,2
axios,1.15.0,GHSA-mmx7-hfxf-jppx,Axios: Prototype pollution gadgets can alter axios request construction,6.3,CVSS_V4,CVSS:4.0/AV:N/AC:H/AT:P/PR:N/UI:N/VC:N/VI:L/VA:N/SC:N/SI:N/SA:N,MODERATE,,https://github.com/axios/axios/security/advisories/GHSA-mmx7-hfxf-jppx,2
axios,1.15.0,GHSA-mwf2-3pr3-8698,Axios: HTTP/2 streamed uploads bypass `maxBodyLength`,6.3,CVSS_V4,CVSS:4.0/AV:N/AC:L/AT:P/PR:N/UI:N/VC:N/VI:N/VA:L/SC:N/SI:N/SA:L,MODERATE,,https://github.com/axios/axios/security/advisories/GHSA-mwf2-3pr3-8698,2
axios,1.15.0,GHSA-p92q-9vqr-4j8v,Axios: Proxy-Authorization Credential Leak to Origin Server Across HTTP-to-HTTPS Redirect in Axios Node.js HTTP Adapter,8.2,CVSS_V4,CVSS:4.0/AV:N/AC:L/AT:P/PR:N/UI:N/VC:H/VI:N/VA:N/SC:N/SI:N/SA:N,HIGH,CVE-2026-44487,https://github.com/axios/axios/security/advisories/GHSA-p92q-9vqr-4j8v,3
axios,1.15.0,GHSA-pf86-5x62-jrwf,"Axios: Prototype Pollution Gadgets - Response Tampering, Data Exfiltration, and Request Hijacking",7.4,CVSS_V3,CVSS:3.1/AV:N/AC:H/PR:N/UI:N/S:U/C:H/I:H/A:N,HIGH,CVE-2026-42033,https://github.com/axios/axios/security/advisories/GHSA-pf86-5x62-jrwf,3
axios,1.15.0,GHSA-pjwm-pj3p-43mv,"axios's shouldBypassProxy does not recognize IPv4-mapped IPv6 addresses, allowing NO_PROXY bypass (incomplete fix for CVE-2025-62718)",8.6,CVSS_V3,CVSS:3.1/AV:N/AC:L/PR:N/UI:N/S:C/C:H/I:N/A:N,HIGH,CVE-2026-44492,https://github.com/axios/axios/security/advisories/GHSA-pjwm-pj3p-43mv,3
axios,1.15.0,GHSA-pmv8-rq9r-6j72,Axios: Deep formToJSON Key Recursion Can Cause Denial of Service,6.3,CVSS_V4,CVSS:4.0/AV:N/AC:L/AT:P/PR:N/UI:N/VC:N/VI:N/VA:L/SC:N/SI:N/SA:N,MODERATE,,https://github.com/axios/axios/security/advisories/GHSA-pmv8-rq9r-6j72,2
axios,1.15.0,GHSA-pmwg-cvhr-8vh7,Axios: Incomplete Fix for CVE-2025-62718 — NO_PROXY Protection Bypassed via RFC 1122 Loopback Subnet (127.0.0.0/8) in Axios 1.15.0,7.2,CVSS_V3,CVSS:3.1/AV:N/AC:L/PR:N/UI:N/S:C/C:L/I:L/A:N,HIGH,CVE-2026-42043,https://github.com/axios/axios/security/advisories/GHSA-pmwg-cvhr-8vh7,3
axios,1.15.0,GHSA-q8qp-cvcw-x6jj,Axios has prototype pollution read-side gadgets in HTTP adapter that allow credential injection and request hijacking,7.4,CVSS_V3,CVSS:3.1/AV:N/AC:H/PR:N/UI:N/S:U/C:H/I:H/A:N,HIGH,CVE-2026-42264,https://github.com/axios/axios/security/advisories/GHSA-q8qp-cvcw-x6jj,3
axios,1.15.0,GHSA-vf2m-468p-8v99,Axios: HTTP adapter streamed responses bypass maxContentLength,5.3,CVSS_V3,CVSS:3.1/AV:N/AC:L/PR:N/UI:N/S:U/C:N/I:N/A:L,MODERATE,CVE-2026-42036,https://github.com/axios/axios/security/advisories/GHSA-vf2m-468p-8v99,2
axios,1.15.0,GHSA-w9j2-pvgh-6h63,Axios: Authentication Bypass via Prototype Pollution Gadget in `validateStatus` Merge Strategy,4.8,CVSS_V3,CVSS:3.1/AV:N/AC:H/PR:N/UI:N/S:U/C:L/I:L/A:N,MODERATE,CVE-2026-42041,https://github.com/axios/axios/security/advisories/GHSA-w9j2-pvgh-6h63,2
axios,1.15.0,GHSA-xhjh-pmcv-23jw,Axios: Null Byte Injection via Reverse-Encoding in AxiosURLSearchParams,3.7,CVSS_V3,CVSS:3.1/AV:N/AC:H/PR:N/UI:N/S:U/C:N/I:L/A:N,LOW,CVE-2026-42040,https://github.com/axios/axios/security/advisories/GHSA-xhjh-pmcv-23jw,1
axios,1.15.0,GHSA-xx6v-rp6x-q39c,Axios: XSRF Token Cross-Origin Leakage via Prototype Pollution Gadget in `withXSRFToken` Boolean Coercion,5.4,CVSS_V3,CVSS:3.1/AV:N/AC:L/PR:N/UI:R/S:U/C:L/I:L/A:N,MODERATE,CVE-2026-42042,https://github.com/axios/axios/security/advisories/GHSA-xx6v-rp6x-q39c,2
axios,1.7.7,GHSA-35jp-ww65-95wh,axios Vulnerable to Full Man-in-the-Middle via Prototype Pollution Gadget in `config.proxy`,8.7,CVSS_V3,CVSS:3.1/AV:N/AC:H/PR:N/UI:N/S:C/C:H/I:H/A:N,HIGH,CVE-2026-44494,https://github.com/axios/axios/security/advisories/GHSA-35jp-ww65-95wh,3
axios,1.7.7,GHSA-3g43-6gmg-66jw,axios Vulnerable to Credential Theft and Response Hijacking via Prototype Pollution Gadget in Config Merge,7.0,CVSS_V3,CVSS:3.1/AV:N/AC:H/PR:N/UI:N/S:U/C:H/I:L/A:L,HIGH,CVE-2026-44495,https://github.com/axios/axios/security/advisories/GHSA-3g43-6gmg-66jw,3
axios,1.7.7,GHSA-3p68-rc4w-qgx5,Axios has a NO_PROXY Hostname Normalization Bypass that Leads to SSRF,6.3,CVSS_V4,CVSS:4.0/AV:N/AC:L/AT:P/PR:N/UI:N/VC:L/VI:L/VA:N/SC:L/SI:L/SA:N,MODERATE,CVE-2025-62718,https://github.com/axios/axios/security/advisories/GHSA-3p68-rc4w-qgx5,2
axios,1.7.7,GHSA-3w6x-2g7m-8v23,Axios: Invisible JSON Response Tampering via Prototype Pollution Gadget in `parseReviver`,6.5,CVSS_V3,CVSS:3.1/AV:N/AC:H/PR:N/UI:N/S:U/C:L/I:H/A:N,MODERATE,CVE-2026-42044,https://github.com/axios/axios/security/advisories/GHSA-3w6x-2g7m-8v23,2
axios,1.7.7,GHSA-42h9-826w-cgv3,Axios: Excessive recursion in formDataToJSON can cause denial of service,6.3,CVSS_V4,CVSS:4.0/AV:N/AC:L/AT:P/PR:N/UI:N/VC:N/VI:N/VA:L/SC:N/SI:N/SA:N,MODERATE,,https://github.com/axios/axios/security/advisories/GHSA-42h9-826w-cgv3,2
axios,1.7.7,GHSA-43fc-jf86-j433,Axios is Vulnerable to Denial of Service via __proto__ Key in mergeConfig,7.5,CVSS_V3,CVSS:3.1/AV:N/AC:L/PR:N/UI:N/S:U/C:N/I:N/A:H,HIGH,CVE-2026-25639,https://github.com/axios/axios/security/advisories/GHSA-43fc-jf86-j433,3
axios,1.7.7,GHSA-445q-vr5w-6q77,Axios: CRLF Injection in multipart/form-data body via unsanitized blob.type in formDataToStream,5.3,CVSS_V3,CVSS:3.1/AV:N/AC:L/PR:N/UI:N/S:U/C:N/I:L/A:N,MODERATE,CVE-2026-42037,https://github.com/axios/axios/security/advisories/GHSA-445q-vr5w-6q77,2
axios,1.7.7,GHSA-4hjh-wcwx-xvwj,Axios is vulnerable to DoS attack through lack of data size check,7.5,CVSS_V3,CVSS:3.1/AV:N/AC:L/PR:N/UI:N/S:U/C:N/I:N/A:H,HIGH,CVE-2025-58754,https://github.com/axios/axios/security/advisories/GHSA-4hjh-wcwx-xvwj,3
axios,1.7.7,GHSA-5c9x-8gcm-mpgx,Axios' HTTP adapter-streamed uploads bypass maxBodyLength when maxRedirects: 0,5.3,CVSS_V3,CVSS:3.1/AV:N/AC:L/PR:N/UI:N/S:U/C:N/I:N/A:L,MODERATE,CVE-2026-42034,https://github.com/axios/axios/security/advisories/GHSA-5c9x-8gcm-mpgx,2
axios,1.7.7,GHSA-62hf-57xw-28j9,Axios: unbounded recursion in toFormData causes DoS via deeply nested request data,7.5,CVSS_V3,CVSS:3.1/AV:N/AC:L/PR:N/UI:N/S:U/C:N/I:N/A:H,MODERATE,CVE-2026-42039,https://github.com/axios/axios/security/advisories/GHSA-62hf-57xw-28j9,2
axios,1.7.7,GHSA-6chq-wfr3-2hj9,Axios: Header Injection via Prototype Pollution,7.4,CVSS_V3,CVSS:3.1/AV:N/AC:H/PR:N/UI:N/S:U/C:H/I:H/A:N,HIGH,CVE-2026-42035,https://github.com/axios/axios/security/advisories/GHSA-6chq-wfr3-2hj9,3
axios,1.7.7,GHSA-777c-7fjr-54vf,Allocation of Resources Without Limits or Throttling in Axios,7.5,CVSS_V3,CVSS:3.1/AV:N/AC:L/PR:N/UI:N/S:U/C:N/I:N/A:H,HIGH,CVE-2026-44488,https://github.com/axios/axios/security/advisories/GHSA-777c-7fjr-54vf,3
axios,1.7.7,GHSA-7q8q-rj6j-mhjq,Axios: Nested axios option objects can consume polluted prototype values,6.3,CVSS_V4,CVSS:4.0/AV:N/AC:H/AT:P/PR:N/UI:N/VC:N/VI:L/VA:N/SC:N/SI:L/SA:N,MODERATE,,https://github.com/axios/axios/security/advisories/GHSA-7q8q-rj6j-mhjq,2
axios,1.7.7,GHSA-898c-q2cr-xwhg,axios has DoS & Header Injection via Prototype Pollution Read-Side Gadgets in axios merge functions,4.8,CVSS_V3,CVSS:3.1/AV:N/AC:H/PR:N/UI:N/S:U/C:N/I:L/A:L,MODERATE,CVE-2026-44490,https://github.com/axios/axios/security/advisories/GHSA-898c-q2cr-xwhg,2
axios,1.7.7,GHSA-fvcv-3m26-pcqx,Axios has Unrestricted Cloud Metadata Exfiltration via Header Injection Chain,4.8,CVSS_V3,CVSS:3.1/AV:N/AC:H/PR:N/UI:N/S:U/C:L/I:L/A:N,MODERATE,CVE-2026-40175,https://github.com/axios/axios/security/advisories/GHSA-fvcv-3m26-pcqx,2
axios,1.7.7,GHSA-hfxv-24rg-xrqf,Axios: Regular Expression Denial of Service (ReDoS) via Cookie Name Injection,7.5,CVSS_V3,CVSS:3.1/AV:N/AC:L/PR:N/UI:N/S:U/C:N/I:N/A:H,HIGH,CVE-2026-44496,https://github.com/axios/axios/security/advisories/GHSA-hfxv-24rg-xrqf,3
axios,1.7.7,GHSA-j5f8-grm9-p9fc,Axios: Proxy-Authorization header leaks to redirect target when proxy is re-evaluated to direct connection,7.5,CVSS_V3,CVSS:3.1/AV:N/AC:L/PR:N/UI:N/S:U/C:H/I:N/A:N,HIGH,CVE-2026-44486,https://github.com/axios/axios/security/advisories/GHSA-j5f8-grm9-p9fc,3
axios,1.7.7,GHSA-jqh4-m9w3-8hp9,Axios: Fetch adapter `ReadableStream` uploads bypass `maxBodyLength`,6.3,CVSS_V4,CVSS:4.0/AV:N/AC:L/AT:P/PR:N/UI:N/VC:N/VI:N/VA:L/SC:N/SI:N/SA:L,MODERATE,,https://github.com/axios/axios/security/advisories/GHSA-jqh4-m9w3-8hp9,2
axios,1.7.7,GHSA-jr5f-v2jv-69x6,axios Requests Vulnerable To Possible SSRF and Credential Leakage via Absolute URL,7.7,CVSS_V4,CVSS:4.0/AV:N/AC:L/AT:N/PR:N/UI:N/VC:H/VI:N/VA:N/SC:N/SI:N/SA:N/E:P,HIGH,CVE-2025-27152,https://github.com/axios/axios/security/advisories/GHSA-jr5f-v2jv-69x6,3
axios,1.7.7,GHSA-m7pr-hjqh-92cm,Axios: no_proxy bypass via IP alias allows SSRF,6.8,CVSS_V3,CVSS:3.1/AV:N/AC:H/PR:N/UI:N/S:C/C:H/I:N/A:N,MODERATE,CVE-2026-42038,https://github.com/axios/axios/security/advisories/GHSA-m7pr-hjqh-92cm,2
axios,1.7.7,GHSA-mmx7-hfxf-jppx,Axios: Prototype pollution gadgets can alter axios request construction,6.3,CVSS_V4,CVSS:4.0/AV:N/AC:H/AT:P/PR:N/UI:N/VC:N/VI:L/VA:N/SC:N/SI:N/SA:N,MODERATE,,https://github.com/axios/axios/security/advisories/GHSA-mmx7-hfxf-jppx,2
axios,1.7.7,GHSA-p92q-9vqr-4j8v,Axios: Proxy-Authorization Credential Leak to Origin Server Across HTTP-to-HTTPS Redirect in Axios Node.js HTTP Adapter,8.2,CVSS_V4,CVSS:4.0/AV:N/AC:L/AT:P/PR:N/UI:N/VC:H/VI:N/VA:N/SC:N/SI:N/SA:N,HIGH,CVE-2026-44487,https://github.com/axios/axios/security/advisories/GHSA-p92q-9vqr-4j8v,3
axios,1.7.7,GHSA-pf86-5x62-jrwf,"Axios: Prototype Pollution Gadgets - Response Tampering, Data Exfiltration, and Request Hijacking",7.4,CVSS_V3,CVSS:3.1/AV:N/AC:H/PR:N/UI:N/S:U/C:H/I:H/A:N,HIGH,CVE-2026-42033,https://github.com/axios/axios/security/advisories/GHSA-pf86-5x62-jrwf,3
axios,1.7.7,GHSA-pmv8-rq9r-6j72,Axios: Deep formToJSON Key Recursion Can Cause Denial of Service,6.3,CVSS_V4,CVSS:4.0/AV:N/AC:L/AT:P/PR:N/UI:N/VC:N/VI:N/VA:L/SC:N/SI:N/SA:N,MODERATE,,https://github.com/axios/axios/security/advisories/GHSA-pmv8-rq9r-6j72,2
axios,1.7.7,GHSA-pmwg-cvhr-8vh7,Axios: Incomplete Fix for CVE-2025-62718 — NO_PROXY Protection Bypassed via RFC 1122 Loopback Subnet (127.0.0.0/8) in Axios 1.15.0,7.2,CVSS_V3,CVSS:3.1/AV:N/AC:L/PR:N/UI:N/S:C/C:L/I:L/A:N,HIGH,CVE-2026-42043,https://github.com/axios/axios/security/advisories/GHSA-pmwg-cvhr-8vh7,3
axios,1.7.7,GHSA-q8qp-cvcw-x6jj,Axios has prototype pollution read-side gadgets in HTTP adapter that allow credential injection and request hijacking,7.4,CVSS_V3,CVSS:3.1/AV:N/AC:H/PR:N/UI:N/S:U/C:H/I:H/A:N,HIGH,CVE-2026-42264,https://github.com/axios/axios/security/advisories/GHSA-q8qp-cvcw-x6jj,3
axios,1.7.7,GHSA-vf2m-468p-8v99,Axios: HTTP adapter streamed responses bypass maxContentLength,5.3,CVSS_V3,CVSS:3.1/AV:N/AC:L/PR:N/UI:N/S:U/C:N/I:N/A:L,MODERATE,CVE-2026-42036,https://github.com/axios/axios/security/advisories/GHSA-vf2m-468p-8v99,2
axios,1.7.7,GHSA-w9j2-pvgh-6h63,Axios: Authentication Bypass via Prototype Pollution Gadget in `validateStatus` Merge Strategy,4.8,CVSS_V3,CVSS:3.1/AV:N/AC:H/PR:N/UI:N/S:U/C:L/I:L/A:N,MODERATE,CVE-2026-42041,https://github.com/axios/axios/security/advisories/GHSA-w9j2-pvgh-6h63,2
axios,1.7.7,GHSA-xhjh-pmcv-23jw,Axios: Null Byte Injection via Reverse-Encoding in AxiosURLSearchParams,3.7,CVSS_V3,CVSS:3.1/AV:N/AC:H/PR:N/UI:N/S:U/C:N/I:L/A:N,LOW,CVE-2026-42040,https://github.com/axios/axios/security/advisories/GHSA-xhjh-pmcv-23jw,1
axios,1.7.7,GHSA-xx6v-rp6x-q39c,Axios: XSRF Token Cross-Origin Leakage via Prototype Pollution Gadget in `withXSRFToken` Boolean Coercion,5.4,CVSS_V3,CVSS:3.1/AV:N/AC:L/PR:N/UI:R/S:U/C:L/I:L/A:N,MODERATE,CVE-2026-42042,https://github.com/axios/axios/security/advisories/GHSA-xx6v-rp6x-q39c,2
braces,2.3.2,GHSA-grv7-fg5c-xmjg,Uncontrolled resource consumption in braces,7.5,CVSS_V3,CVSS:3.1/AV:N/AC:L/PR:N/UI:N/S:U/C:N/I:N/A:H,HIGH,CVE-2024-4068,https://nvd.nist.gov/vuln/detail/CVE-2024-4068,3
dompurify,3.4.11,GHSA-c2j3-45gr-mqc4,DOMPurify: `CUSTOM_ELEMENT_HANDLING` bypasses `afterSanitizeElements` for allowed custom elements.,2.1,CVSS_V4,CVSS:4.0/AV:N/AC:H/AT:N/PR:N/UI:A/VC:N/VI:N/VA:N/SC:L/SI:L/SA:N,LOW,,https://github.com/cure53/DOMPurify/security/advisories/GHSA-c2j3-45gr-mqc4,1
esbuild,0.18.20,GHSA-67mh-4wv8-2f99,esbuild enables any website to send any requests to the development server and read the response,5.3,CVSS_V3,CVSS:3.1/AV:N/AC:H/PR:N/UI:R/S:U/C:H/I:N/A:N,MODERATE,,https://github.com/evanw/esbuild/security/advisories/GHSA-67mh-4wv8-2f99,2
fast-uri,3.1.3,GHSA-v2hh-gcrm-f6hx,fast-uri vulnerable to host confusion via literal backslash authority delimiter,7.5,CVSS_V3,CVSS:3.1/AV:N/AC:L/PR:N/UI:N/S:U/C:N/I:H/A:N,HIGH,CVE-2026-16221,https://github.com/fastify/fast-uri/security/advisories/GHSA-v2hh-gcrm-f6hx,3
fast-xml-parser,5.2.5,GHSA-37qj-frw5-hhjh,fast-xml-parser has RangeError DoS Numeric Entities Bug,7.5,CVSS_V3,CVSS:3.1/AV:N/AC:L/PR:N/UI:N/S:U/C:N/I:N/A:H,HIGH,CVE-2026-25128,https://github.com/NaturalIntelligence/fast-xml-parser/security/advisories/GHSA-37qj-frw5-hhjh,3
fast-xml-parser,5.2.5,GHSA-8gc5-j5rx-235r,fast-xml-parser affected by numeric entity expansion bypassing all entity expansion limits (incomplete fix for CVE-2026-26278),7.5,CVSS_V3,CVSS:3.1/AV:N/AC:L/PR:N/UI:N/S:U/C:N/I:N/A:H,HIGH,CVE-2026-33036,https://github.com/NaturalIntelligence/fast-xml-parser/security/advisories/GHSA-8gc5-j5rx-235r,3
fast-xml-parser,5.2.5,GHSA-fj3w-jwp8-x2g3,fast-xml-parser has stack overflow in XMLBuilder with preserveOrder,2.7,CVSS_V4,CVSS:4.0/AV:N/AC:L/AT:N/PR:N/UI:N/VC:N/VI:N/VA:L/SC:N/SI:N/SA:N/E:U,LOW,CVE-2026-27942,https://github.com/NaturalIntelligence/fast-xml-parser/security/advisories/GHSA-fj3w-jwp8-x2g3,1
fast-xml-parser,5.2.5,GHSA-gh4j-gqv2-49f6,fast-xml-parser XMLBuilder: XML Comment and CDATA Injection via Unescaped Delimiters,6.1,CVSS_V3,CVSS:3.1/AV:N/AC:L/PR:N/UI:R/S:C/C:L/I:L/A:N,MODERATE,CVE-2026-41650,https://github.com/NaturalIntelligence/fast-xml-parser/security/advisories/GHSA-gh4j-gqv2-49f6,2
fast-xml-parser,5.2.5,GHSA-jmr7-xgp7-cmfj,fast-xml-parser affected by DoS through entity expansion in DOCTYPE (no expansion limit),7.5,CVSS_V3,CVSS:3.1/AV:N/AC:L/PR:N/UI:N/S:U/C:N/I:N/A:H,HIGH,CVE-2026-26278,https://github.com/NaturalIntelligence/fast-xml-parser/security/advisories/GHSA-jmr7-xgp7-cmfj,3
fast-xml-parser,5.2.5,GHSA-jp2q-39xq-3w4g,Entity Expansion Limits Bypassed When Set to Zero Due to JavaScript Falsy Evaluation in fast-xml-parser,5.9,CVSS_V3,CVSS:3.1/AV:N/AC:H/PR:N/UI:N/S:U/C:N/I:N/A:H,MODERATE,CVE-2026-33349,https://github.com/NaturalIntelligence/fast-xml-parser/security/advisories/GHSA-jp2q-39xq-3w4g,2
fast-xml-parser,5.2.5,GHSA-m7jm-9gc2-mpf2,fast-xml-parser has an entity encoding bypass via regex injection in DOCTYPE entity names,9.3,CVSS_V3,CVSS:3.1/AV:N/AC:L/PR:N/UI:N/S:C/C:L/I:H/A:N,CRITICAL,CVE-2026-25896,https://github.com/NaturalIntelligence/fast-xml-parser/security/advisories/GHSA-m7jm-9gc2-mpf2,4
fast-xml-parser,5.9.3,GHSA-8r6m-32jq-jx6q,fast-xml-parser: Repeated DOCTYPE declarations reset entity expansion limits,8.7,CVSS_V4,CVSS:4.0/AV:N/AC:L/AT:N/PR:N/UI:N/VC:N/VI:N/VA:H/SC:N/SI:N/SA:N,HIGH,,https://github.com/NaturalIntelligence/fast-xml-parser/security/advisories/GHSA-8r6m-32jq-jx6q,3
file-type,16.5.4,GHSA-5v7r-6r5c-r473,file-type affected by infinite loop in ASF parser on malformed input with zero-size sub-header,5.3,CVSS_V3,CVSS:3.1/AV:N/AC:L/PR:N/UI:N/S:U/C:N/I:N/A:L,MODERATE,CVE-2026-31808,https://github.com/sindresorhus/file-type/security/advisories/GHSA-5v7r-6r5c-r473,2
form-data,2.3.3,GHSA-fjxv-7rqg-78g4,form-data uses unsafe random function in form-data for choosing boundary,9.4,CVSS_V4,CVSS:4.0/AV:N/AC:H/AT:N/PR:N/UI:N/VC:H/VI:H/VA:N/SC:H/SI:H/SA:N,CRITICAL,CVE-2025-7783,https://github.com/form-data/form-data/security/advisories/GHSA-fjxv-7rqg-78g4,4
form-data,2.3.3,GHSA-hmw2-7cc7-3qxx,form-data: CRLF injection in form-data via unescaped multipart field names and filenames,8.7,CVSS_V4,CVSS:4.0/AV:N/AC:L/AT:N/PR:N/UI:N/VC:N/VI:H/VA:N/SC:N/SI:N/SA:N,HIGH,CVE-2026-12143,https://github.com/form-data/form-data/security/advisories/GHSA-hmw2-7cc7-3qxx,3
form-data,4.0.0,GHSA-fjxv-7rqg-78g4,form-data uses unsafe random function in form-data for choosing boundary,9.4,CVSS_V4,CVSS:4.0/AV:N/AC:H/AT:N/PR:N/UI:N/VC:H/VI:H/VA:N/SC:H/SI:H/SA:N,CRITICAL,CVE-2025-7783,https://github.com/form-data/form-data/security/advisories/GHSA-fjxv-7rqg-78g4,4
form-data,4.0.0,GHSA-hmw2-7cc7-3qxx,form-data: CRLF injection in form-data via unescaped multipart field names and filenames,8.7,CVSS_V4,CVSS:4.0/AV:N/AC:L/AT:N/PR:N/UI:N/VC:N/VI:H/VA:N/SC:N/SI:N/SA:N,HIGH,CVE-2026-12143,https://github.com/form-data/form-data/security/advisories/GHSA-hmw2-7cc7-3qxx,3
ip-address,5.9.4,GHSA-v2v4-37r5-5v8g,ip-address has XSS in Address6 HTML-emitting methods,5.3,CVSS_V4,CVSS:4.0/AV:N/AC:L/AT:N/PR:N/UI:P/VC:L/VI:L/VA:N/SC:N/SI:N/SA:N,MODERATE,CVE-2026-42338,https://github.com/beaugunderson/ip-address/security/advisories/GHSA-v2v4-37r5-5v8g,2
jsondiffpatch,0.6.0,GHSA-33vc-wfww-vjfv,jsondiffpatch is vulnerable to Cross-site Scripting (XSS) via HtmlFormatter::nodeBegin,5.3,CVSS_V4,CVSS:4.0/AV:N/AC:L/AT:N/PR:N/UI:P/VC:L/VI:L/VA:N/SC:N/SI:N/SA:N,MODERATE,CVE-2025-9910,https://nvd.nist.gov/vuln/detail/CVE-2025-9910,2
langsmith,0.1.68,GHSA-3644-q5cj-c5c7,LangSmith SDK: Public prompt pull deserializes untrusted manifests without trust boundary warning,7.1,CVSS_V3,CVSS:3.1/AV:N/AC:L/PR:N/UI:R/S:U/C:H/I:L/A:N,HIGH,"CVE-2026-45134, PYSEC-2026-2555, PYSEC-2026-2560, PYSEC-2026-2582",https://github.com/langchain-ai/langsmith-sdk/security/advisories/GHSA-3644-q5cj-c5c7,3
langsmith,0.1.68,GHSA-fw9q-39r9-c252,LangSmith Client SDKs has Prototype Pollution in langsmith-sdk via Incomplete `__proto__` Guard in Internal lodash `set()`,5.6,CVSS_V3,CVSS:3.1/AV:N/AC:H/PR:N/UI:N/S:U/C:L/I:L/A:L,MODERATE,CVE-2026-40190,https://github.com/langchain-ai/langsmith-sdk/security/advisories/GHSA-fw9q-39r9-c252,2
langsmith,0.1.68,GHSA-rr7j-v2q5-chgv,LangSmith SDK: Streaming token events bypass output redaction,5.3,CVSS_V3,CVSS:3.1/AV:N/AC:L/PR:N/UI:N/S:U/C:L/I:N/A:N,MODERATE,"CVE-2026-41182, PYSEC-2026-2583",https://github.com/langchain-ai/langsmith-sdk/security/advisories/GHSA-rr7j-v2q5-chgv,2
langsmith,0.3.87,GHSA-3644-q5cj-c5c7,LangSmith SDK: Public prompt pull deserializes untrusted manifests without trust boundary warning,7.1,CVSS_V3,CVSS:3.1/AV:N/AC:L/PR:N/UI:R/S:U/C:H/I:L/A:N,HIGH,"CVE-2026-45134, PYSEC-2026-2555, PYSEC-2026-2560, PYSEC-2026-2582",https://github.com/langchain-ai/langsmith-sdk/security/advisories/GHSA-3644-q5cj-c5c7,3
langsmith,0.3.87,GHSA-fw9q-39r9-c252,LangSmith Client SDKs has Prototype Pollution in langsmith-sdk via Incomplete `__proto__` Guard in Internal lodash `set()`,5.6,CVSS_V3,CVSS:3.1/AV:N/AC:H/PR:N/UI:N/S:U/C:L/I:L/A:L,MODERATE,CVE-2026-40190,https://github.com/langchain-ai/langsmith-sdk/security/advisories/GHSA-fw9q-39r9-c252,2
langsmith,0.3.87,GHSA-rr7j-v2q5-chgv,LangSmith SDK: Streaming token events bypass output redaction,5.3,CVSS_V3,CVSS:3.1/AV:N/AC:L/PR:N/UI:N/S:U/C:L/I:N/A:N,MODERATE,"CVE-2026-41182, PYSEC-2026-2583",https://github.com/langchain-ai/langsmith-sdk/security/advisories/GHSA-rr7j-v2q5-chgv,2
langsmith,0.3.87,GHSA-v34v-rq6j-cj6p,LangSmith Client SDK Affected by Server-Side Request Forgery via Tracing Header Injection,5.8,CVSS_V3,CVSS:3.1/AV:N/AC:L/PR:N/UI:N/S:C/C:L/I:N/A:N,MODERATE,"CVE-2026-25528, PYSEC-2026-2584",https://github.com/langchain-ai/langsmith-sdk/security/advisories/GHSA-v34v-rq6j-cj6p,2
langsmith,0.4.12,GHSA-3644-q5cj-c5c7,LangSmith SDK: Public prompt pull deserializes untrusted manifests without trust boundary warning,7.1,CVSS_V3,CVSS:3.1/AV:N/AC:L/PR:N/UI:R/S:U/C:H/I:L/A:N,HIGH,"CVE-2026-45134, PYSEC-2026-2555, PYSEC-2026-2560, PYSEC-2026-2582",https://github.com/langchain-ai/langsmith-sdk/security/advisories/GHSA-3644-q5cj-c5c7,3
langsmith,0.4.12,GHSA-fw9q-39r9-c252,LangSmith Client SDKs has Prototype Pollution in langsmith-sdk via Incomplete `__proto__` Guard in Internal lodash `set()`,5.6,CVSS_V3,CVSS:3.1/AV:N/AC:H/PR:N/UI:N/S:U/C:L/I:L/A:L,MODERATE,CVE-2026-40190,https://github.com/langchain-ai/langsmith-sdk/security/advisories/GHSA-fw9q-39r9-c252,2
langsmith,0.4.12,GHSA-rr7j-v2q5-chgv,LangSmith SDK: Streaming token events bypass output redaction,5.3,CVSS_V3,CVSS:3.1/AV:N/AC:L/PR:N/UI:N/S:U/C:L/I:N/A:N,MODERATE,"CVE-2026-41182, PYSEC-2026-2583",https://github.com/langchain-ai/langsmith-sdk/security/advisories/GHSA-rr7j-v2q5-chgv,2
micromatch,3.1.10,GHSA-952p-6rrq-rcjv,Regular Expression Denial of Service (ReDoS) in micromatch,5.3,CVSS_V3,CVSS:3.1/AV:N/AC:L/PR:N/UI:N/S:U/C:N/I:N/A:L,MODERATE,CVE-2024-4067,https://nvd.nist.gov/vuln/detail/CVE-2024-4067,2
multer,1.4.5-lts.2,GHSA-44fp-w29j-9vj5,Multer vulnerable to Denial of Service via memory leaks from unclosed streams,7.5,CVSS_V3,CVSS:3.1/AV:N/AC:L/PR:N/UI:N/S:U/C:N/I:N/A:H,HIGH,CVE-2025-47935,https://github.com/expressjs/multer/security/advisories/GHSA-44fp-w29j-9vj5,3
multer,1.4.5-lts.2,GHSA-4pg4-qvpc-4q3h,Multer vulnerable to Denial of Service from maliciously crafted requests,7.5,CVSS_V3,CVSS:3.1/AV:N/AC:L/PR:N/UI:N/S:U/C:N/I:N/A:H,HIGH,CVE-2025-47944,https://github.com/expressjs/multer/security/advisories/GHSA-4pg4-qvpc-4q3h,3
multer,1.4.5-lts.2,GHSA-5528-5vmv-3xc2,Multer Vulnerable to Denial of Service via Uncontrolled Recursion,8.7,CVSS_V4,CVSS:4.0/AV:N/AC:L/AT:N/PR:N/UI:N/VC:N/VI:N/VA:H/SC:N/SI:N/SA:N,HIGH,CVE-2026-3520,https://github.com/expressjs/multer/security/advisories/GHSA-5528-5vmv-3xc2,3
multer,1.4.5-lts.2,GHSA-72gw-mp4g-v24j,Multer vulnerable to Denial of Service via deeply nested field names,7.5,CVSS_V3,CVSS:3.1/AV:N/AC:L/PR:N/UI:N/S:U/C:N/I:N/A:H,HIGH,CVE-2026-5079,https://github.com/expressjs/multer/security/advisories/GHSA-72gw-mp4g-v24j,3
multer,1.4.5-lts.2,GHSA-fjgf-rc76-4x9p,Multer vulnerable to Denial of Service via unhandled exception from malformed request,7.5,CVSS_V3,CVSS:3.1/AV:N/AC:L/PR:N/UI:N/S:U/C:N/I:N/A:H,HIGH,CVE-2025-7338,https://github.com/expressjs/multer/security/advisories/GHSA-fjgf-rc76-4x9p,3
multer,1.4.5-lts.2,GHSA-g5hg-p3ph-g8qg,Multer vulnerable to Denial of Service via unhandled exception,8.7,CVSS_V4,CVSS:4.0/AV:N/AC:L/AT:N/PR:N/UI:N/VC:N/VI:N/VA:H/SC:N/SI:N/SA:N,HIGH,CVE-2025-48997,https://github.com/expressjs/multer/security/advisories/GHSA-g5hg-p3ph-g8qg,3
multer,1.4.5-lts.2,GHSA-v52c-386h-88mc,Multer vulnerable to Denial of Service via resource exhaustion,8.7,CVSS_V4,CVSS:4.0/AV:N/AC:L/AT:N/PR:N/UI:N/VC:N/VI:N/VA:H/SC:N/SI:N/SA:N,HIGH,CVE-2026-2359,https://github.com/expressjs/multer/security/advisories/GHSA-v52c-386h-88mc,3
multer,1.4.5-lts.2,GHSA-xf7r-hgr6-v32p,Multer vulnerable to Denial of Service via incomplete cleanup,8.7,CVSS_V4,CVSS:4.0/AV:N/AC:L/AT:N/PR:N/UI:N/VC:N/VI:N/VA:H/SC:N/SI:N/SA:N,HIGH,CVE-2026-3304,https://github.com/expressjs/multer/security/advisories/GHSA-xf7r-hgr6-v32p,3
nodemailer,7.0.13,GHSA-268h-hp4c-crq3,Nodemailer: CRLF injection in Nodemailer List-* header comments allows arbitrary message header injection,5.4,CVSS_V3,CVSS:3.1/AV:N/AC:L/PR:L/UI:N/S:U/C:L/I:L/A:N,MODERATE,,https://github.com/nodemailer/nodemailer/security/advisories/GHSA-268h-hp4c-crq3,2
nodemailer,7.0.13,GHSA-c7w3-x93f-qmm8,Nodemailer has SMTP command injection due to unsanitized `envelope.size` parameter,2.3,CVSS_V4,CVSS:4.0/AV:N/AC:L/AT:P/PR:L/UI:N/VC:N/VI:L/VA:N/SC:N/SI:N/SA:N,LOW,,https://github.com/nodemailer/nodemailer/security/advisories/GHSA-c7w3-x93f-qmm8,1
nodemailer,7.0.13,GHSA-p6gq-j5cr-w38f,"Nodemailer: Message-level raw option bypasses disableFileAccess/disableUrlAccess, enabling arbitrary file read and full-response SSRF in the delivered message",7.1,CVSS_V3,CVSS:3.1/AV:N/AC:L/PR:L/UI:N/S:U/C:H/I:L/A:N,HIGH,,https://github.com/nodemailer/nodemailer/security/advisories/GHSA-p6gq-j5cr-w38f,3
nodemailer,7.0.13,GHSA-r7g4-qg5f-qqm2,Nodemailer: Improper TLS Certificate Validation in OAuth2 Token Fetch Enables Credential Interception,6.5,CVSS_V3,CVSS:3.1/AV:N/AC:H/PR:N/UI:N/S:U/C:H/I:L/A:N,MODERATE,,https://github.com/nodemailer/nodemailer/security/advisories/GHSA-r7g4-qg5f-qqm2,2
nodemailer,7.0.13,GHSA-vvjj-xcjg-gr5g,Nodemailer Vulnerable to SMTP Command Injection via CRLF in Transport name Option (EHLO/HELO) ,4.9,CVSS_V3,CVSS:3.1/AV:N/AC:L/PR:H/UI:N/S:U/C:N/I:H/A:N,MODERATE,,https://github.com/nodemailer/nodemailer/security/advisories/GHSA-vvjj-xcjg-gr5g,2
nodemailer,7.0.13,GHSA-wqvq-jvpq-h66f,Nodemailer jsonTransport bypasses disableFileAccess and disableUrlAccess during message normalization,5.4,CVSS_V3,CVSS:3.1/AV:N/AC:L/PR:L/UI:N/S:U/C:L/I:L/A:N,MODERATE,,https://github.com/nodemailer/nodemailer/security/advisories/GHSA-wqvq-jvpq-h66f,2
prismjs,1.27.0,GHSA-x7hr-w5r2-h6wg,PrismJS DOM Clobbering vulnerability,4.9,CVSS_V3,CVSS:3.1/AV:N/AC:H/PR:L/UI:N/S:C/C:L/I:L/A:N,MODERATE,CVE-2024-53382,https://nvd.nist.gov/vuln/detail/CVE-2024-53382,2
protobufjs,6.11.6,GHSA-2pr8-phx7-x9h3,protobuf.js: Denial of service from crafted field names in generated code,5.3,CVSS_V3,CVSS:3.1/AV:N/AC:L/PR:N/UI:N/S:U/C:N/I:N/A:L,MODERATE,CVE-2026-44294,https://github.com/protobufjs/protobuf.js/security/advisories/GHSA-2pr8-phx7-x9h3,2
protobufjs,6.11.6,GHSA-66ff-xgx4-vchm,protobuf.js: Code injection through bytes field defaults in generated toObject code,7.7,CVSS_V4,CVSS:4.0/AV:N/AC:L/AT:P/PR:L/UI:N/VC:H/VI:H/VA:H/SC:N/SI:N/SA:N,HIGH,CVE-2026-44293,https://github.com/protobufjs/protobuf.js/security/advisories/GHSA-66ff-xgx4-vchm,3
protobufjs,6.11.6,GHSA-685m-2w69-288q,protobuf.js: Denial of service through unbounded protobuf recursion,7.5,CVSS_V3,CVSS:3.1/AV:N/AC:L/PR:N/UI:N/S:U/C:N/I:N/A:H,HIGH,CVE-2026-44289,https://github.com/protobufjs/protobuf.js/security/advisories/GHSA-685m-2w69-288q,3
protobufjs,6.11.6,GHSA-75px-5xx7-5xc7,protobuf.js: Code generation gadget after prototype pollution,8.1,CVSS_V3,CVSS:3.1/AV:N/AC:H/PR:N/UI:N/S:U/C:H/I:H/A:H,HIGH,CVE-2026-44291,https://github.com/protobufjs/protobuf.js/security/advisories/GHSA-75px-5xx7-5xc7,3
protobufjs,6.11.6,GHSA-f38q-mgvj-vph7,protobufjs : Schema-derived names can shadow runtime-significant properties,5.3,CVSS_V3,CVSS:3.1/AV:N/AC:L/PR:N/UI:N/S:U/C:N/I:N/A:L,MODERATE,CVE-2026-54269,https://github.com/protobufjs/protobuf.js/security/advisories/GHSA-f38q-mgvj-vph7,2
protobufjs,6.11.6,GHSA-fx83-v9x8-x52w,protobuf.js: Prototype injection in generated message constructors,5.3,CVSS_V3,CVSS:3.1/AV:N/AC:L/PR:N/UI:N/S:U/C:N/I:L/A:N,MODERATE,CVE-2026-44292,https://github.com/protobufjs/protobuf.js/security/advisories/GHSA-fx83-v9x8-x52w,2
protobufjs,6.11.6,GHSA-jggg-4jg4-v7c6,protobufjs: Denial of Service via unbounded recursive JSON descriptor expansion,5.3,CVSS_V3,CVSS:3.1/AV:N/AC:L/PR:N/UI:N/S:U/C:N/I:N/A:L,MODERATE,CVE-2026-45740,https://github.com/protobufjs/protobuf.js/security/advisories/GHSA-jggg-4jg4-v7c6,2
protobufjs,6.11.6,GHSA-jvwf-75h9-cwgg,protobuf.js: Process-wide denial of service through unsafe option paths,7.5,CVSS_V3,CVSS:3.1/AV:N/AC:L/PR:N/UI:N/S:U/C:N/I:N/A:H,HIGH,CVE-2026-44290,https://github.com/protobufjs/protobuf.js/security/advisories/GHSA-jvwf-75h9-cwgg,3
protobufjs,6.11.6,GHSA-q6x5-8v7m-xcrf,protobufjs has overlong UTF-8 decoding,5.3,CVSS_V3,CVSS:3.1/AV:N/AC:L/PR:N/UI:N/S:U/C:N/I:L/A:N,MODERATE,CVE-2026-44288,https://github.com/protobufjs/protobuf.js/security/advisories/GHSA-q6x5-8v7m-xcrf,2
protobufjs,6.11.6,GHSA-wcpc-wj8m-hjx6,protobufjs: Denial of service through unbounded Any expansion during JSON conversion,7.5,CVSS_V3,CVSS:3.1/AV:N/AC:L/PR:N/UI:N/S:U/C:N/I:N/A:H,HIGH,CVE-2026-48712,https://github.com/protobufjs/protobuf.js/security/advisories/GHSA-wcpc-wj8m-hjx6,3
protobufjs,6.11.6,GHSA-xq3m-2v4x-88gg,Arbitrary code execution in protobufjs,9.8,CVSS_V3,CVSS:3.1/AV:N/AC:L/PR:N/UI:N/S:U/C:H/I:H/A:H,CRITICAL,CVE-2026-41242,https://github.com/protobufjs/protobuf.js/security/advisories/GHSA-xq3m-2v4x-88gg,4
qs,6.11.2,GHSA-6rw7-vpxm-498p,qs's arrayLimit bypass in its bracket notation allows DoS via memory exhaustion,6.3,CVSS_V4,CVSS:4.0/AV:N/AC:L/AT:P/PR:N/UI:N/VC:N/VI:N/VA:L/SC:N/SI:N/SA:L,MODERATE,CVE-2025-15284,https://github.com/ljharb/qs/security/advisories/GHSA-6rw7-vpxm-498p,2
qs,6.11.2,GHSA-q8mj-m7cp-5q26,qs has a remotely triggerable DoS: qs.stringify crashes with TypeError on null/undefined entries in comma-format arrays when encodeValuesOnly is set,6.3,CVSS_V4,CVSS:4.0/AV:N/AC:L/AT:P/PR:N/UI:N/VC:N/VI:N/VA:L/SC:N/SI:N/SA:N,MODERATE,CVE-2026-8723,https://github.com/ljharb/qs/security/advisories/GHSA-q8mj-m7cp-5q26,2
qs,6.11.2,GHSA-w7fw-mjwx-w883,qs's arrayLimit bypass in comma parsing allows denial of service,3.7,CVSS_V3,CVSS:3.1/AV:N/AC:H/PR:N/UI:N/S:U/C:N/I:N/A:L,LOW,CVE-2026-2391,https://github.com/ljharb/qs/security/advisories/GHSA-w7fw-mjwx-w883,1
qs,6.5.5,GHSA-6rw7-vpxm-498p,qs's arrayLimit bypass in its bracket notation allows DoS via memory exhaustion,6.3,CVSS_V4,CVSS:4.0/AV:N/AC:L/AT:P/PR:N/UI:N/VC:N/VI:N/VA:L/SC:N/SI:N/SA:L,MODERATE,CVE-2025-15284,https://github.com/ljharb/qs/security/advisories/GHSA-6rw7-vpxm-498p,2
react-router,6.3.0,GHSA-9jcx-v3wj-wh4m,React Router has unexpected external redirect via untrusted paths,6.5,CVSS_V3,CVSS:3.1/AV:N/AC:L/PR:L/UI:N/S:U/C:N/I:H/A:N,MODERATE,CVE-2025-68470,https://github.com/remix-run/react-router/security/advisories/GHSA-9jcx-v3wj-wh4m,2
request,2.88.2,GHSA-p8p7-x288-28g6,Server-Side Request Forgery in Request,6.1,CVSS_V3,CVSS:3.1/AV:N/AC:L/PR:N/UI:R/S:C/C:L/I:L/A:N,MODERATE,CVE-2023-28155,https://nvd.nist.gov/vuln/detail/CVE-2023-28155,2
seroval,0.5.1,GHSA-3j22-8qj3-26mx,Seroval affected by Denial of Service via Deeply Nested Objects,7.5,CVSS_V3,CVSS:3.1/AV:N/AC:L/PR:N/UI:N/S:U/C:N/I:N/A:H,HIGH,CVE-2026-24006,https://github.com/lxsmnsyc/seroval/security/advisories/GHSA-3j22-8qj3-26mx,3
seroval,0.5.1,GHSA-3rxj-6cgf-8cfw,seroval Affected by Remote Code Execution via JSON Deserialization,7.5,CVSS_V3,CVSS:3.1/AV:N/AC:H/PR:L/UI:N/S:U/C:H/I:H/A:H,HIGH,CVE-2026-23737,https://github.com/lxsmnsyc/seroval/security/advisories/GHSA-3rxj-6cgf-8cfw,3
seroval,0.5.1,GHSA-66fc-rw6m-c2q6,Seroval affected by Denial of Service via Array serialization,7.5,CVSS_V3,CVSS:3.1/AV:N/AC:L/PR:N/UI:N/S:U/C:N/I:N/A:H,HIGH,CVE-2026-23957,https://github.com/lxsmnsyc/seroval/security/advisories/GHSA-66fc-rw6m-c2q6,3
seroval,0.5.1,GHSA-hj76-42vx-jwp4,seroval Affected by Prototype Pollution via JSON Deserialization,7.3,CVSS_V3,CVSS:3.1/AV:N/AC:L/PR:N/UI:N/S:U/C:L/I:L/A:L,HIGH,CVE-2026-23736,https://github.com/lxsmnsyc/seroval/security/advisories/GHSA-hj76-42vx-jwp4,3
seroval,0.5.1,GHSA-hx9m-jf43-8ffr,seroval affected by Denial of Service via RegExp serialization,7.5,CVSS_V3,CVSS:3.1/AV:N/AC:L/PR:N/UI:N/S:U/C:N/I:N/A:H,HIGH,CVE-2026-23956,https://github.com/lxsmnsyc/seroval/security/advisories/GHSA-hx9m-jf43-8ffr,3
sharp,0.32.6,GHSA-f88m-g3jw-g9cj,"sharp inherited vulnerabilities in libvips: CVE-2026-33327, CVE-2026-33328, CVE-2026-35590, CVE-2026-35591",7.0,CVSS_V4,CVSS:4.0/AV:L/AC:L/AT:N/PR:L/UI:N/VC:L/VI:H/VA:H/SC:N/SI:N/SA:N,HIGH,,https://github.com/libvips/libvips/security/advisories/GHSA-2fcj-gj27-279x,3
showdown,2.1.0,GHSA-rmmh-p597-ppvv,Showdown vulnerable to Regular Expression Denial of Service (ReDoS) in link/anchor parsing,5.3,CVSS_V3,CVSS:3.1/AV:N/AC:L/PR:N/UI:N/S:U/C:N/I:N/A:L,MODERATE,CVE-2024-1899,https://nvd.nist.gov/vuln/detail/CVE-2024-1899,2
solid-js,1.7.1,GHSA-3qxh-p7jc-5xh6,Solid Lacks Escaping of HTML in JSX Fragments allows for Cross-Site Scripting (XSS),7.3,CVSS_V3,CVSS:3.1/AV:N/AC:L/PR:N/UI:N/S:U/C:L/I:L/A:L,HIGH,CVE-2025-27109,https://github.com/solidjs/solid/security/advisories/GHSA-3qxh-p7jc-5xh6,3
tar,6.2.1,GHSA-23hp-3jrh-7fpw,node-tar: Decompression/parse DoS via unlimited input,9.2,CVSS_V4,CVSS:4.0/AV:N/AC:L/AT:N/PR:N/UI:N/VC:N/VI:N/VA:H/SC:N/SI:N/SA:H,CRITICAL,CVE-2026-59873,https://github.com/isaacs/node-tar/security/advisories/GHSA-23hp-3jrh-7fpw,4
tar,6.2.1,GHSA-34x7-hfp2-rc4v,node-tar Vulnerable to Arbitrary File Creation/Overwrite via Hardlink Path Traversal,8.2,CVSS_V3,CVSS:3.1/AV:N/AC:L/PR:N/UI:R/S:C/C:H/I:L/A:N,HIGH,CVE-2026-24842,https://github.com/isaacs/node-tar/security/advisories/GHSA-34x7-hfp2-rc4v,3
tar,6.2.1,GHSA-83g3-92jg-28cx,Arbitrary File Read/Write via Hardlink Target Escape Through Symlink Chain in node-tar Extraction,7.1,CVSS_V3,CVSS:3.1/AV:L/AC:L/PR:N/UI:R/S:U/C:H/I:H/A:N,HIGH,CVE-2026-26960,https://github.com/isaacs/node-tar/security/advisories/GHSA-83g3-92jg-28cx,3
tar,6.2.1,GHSA-8qq5-rm4j-mr97,node-tar is Vulnerable to Arbitrary File Overwrite and Symlink Poisoning via Insufficient Path Sanitization,8.2,CVSS_V4,CVSS:4.0/AV:L/AC:L/AT:N/PR:N/UI:A/VC:H/VI:L/VA:N/SC:H/SI:L/SA:N,HIGH,CVE-2026-23745,https://github.com/isaacs/node-tar/security/advisories/GHSA-8qq5-rm4j-mr97,3
tar,6.2.1,GHSA-8x88-c5mf-7j5w,node-tar: Negative tar entry size causes infinite loop in archive replace,8.7,CVSS_V4,CVSS:4.0/AV:N/AC:L/AT:N/PR:N/UI:N/VC:N/VI:N/VA:H/SC:N/SI:N/SA:N,HIGH,CVE-2026-59874,https://github.com/isaacs/node-tar/security/advisories/GHSA-8x88-c5mf-7j5w,3
tar,6.2.1,GHSA-9ppj-qmqm-q256,node-tar Symlink Path Traversal via Drive-Relative Linkpath,8.2,CVSS_V4,CVSS:4.0/AV:L/AC:L/AT:N/PR:N/UI:N/VC:N/VI:H/VA:N/SC:N/SI:H/SA:N,HIGH,CVE-2026-31802,https://github.com/isaacs/node-tar/security/advisories/GHSA-9ppj-qmqm-q256,3
tar,6.2.1,GHSA-gvwx-54wh-qm9j,node-tar: Uncaught Exception DoS via NUL byte in PAX path/linkpath records,5.3,CVSS_V3,CVSS:3.1/AV:N/AC:L/PR:N/UI:N/S:U/C:N/I:N/A:L,MODERATE,CVE-2026-59875,https://github.com/isaacs/node-tar/security/advisories/GHSA-gvwx-54wh-qm9j,2
tar,6.2.1,GHSA-qffp-2rhf-9h96,tar has Hardlink Path Traversal via Drive-Relative Linkpath,8.2,CVSS_V4,CVSS:4.0/AV:L/AC:L/AT:N/PR:N/UI:P/VC:N/VI:H/VA:L/SC:N/SI:H/SA:L,HIGH,CVE-2026-29786,https://github.com/isaacs/node-tar/security/advisories/GHSA-qffp-2rhf-9h96,3
tar,6.2.1,GHSA-r6q2-hw4h-h46w,Race Condition in node-tar Path Reservations via Unicode Ligature Collisions on macOS APFS,8.8,CVSS_V3,CVSS:3.1/AV:N/AC:L/PR:N/UI:R/S:C/C:L/I:H/A:L,HIGH,CVE-2026-23950,https://github.com/isaacs/node-tar/security/advisories/GHSA-r6q2-hw4h-h46w,3
tar,6.2.1,GHSA-vmf3-w455-68vh,"node-tar applies PAX size override to intermediary GNU long-name/long-link headers, causing tar parser interpretation differential (file smuggling)",6.9,CVSS_V4,CVSS:4.0/AV:L/AC:L/AT:N/PR:N/UI:N/VC:N/VI:H/VA:N/SC:N/SI:N/SA:N,MODERATE,CVE-2026-53655,https://github.com/isaacs/node-tar/security/advisories/GHSA-vmf3-w455-68vh,2
tar,6.2.1,GHSA-w8wr-v893-vjvp,node-tar: Process crash via PAX numeric path type confusion,5.3,CVSS_V3,CVSS:3.1/AV:N/AC:L/PR:N/UI:N/S:U/C:N/I:N/A:L,MODERATE,CVE-2026-59871,https://github.com/isaacs/node-tar/security/advisories/GHSA-w8wr-v893-vjvp,2
tar-fs,3.0.4,GHSA-8cj5-5rvv-wf4v,tar-fs can extract outside the specified dir with a specific tarball,8.7,CVSS_V4,CVSS:4.0/AV:N/AC:L/AT:N/PR:N/UI:N/VC:N/VI:H/VA:N/SC:N/SI:N/SA:N,HIGH,CVE-2025-48387,https://github.com/google/security-research/security/advisories/GHSA-xrg4-qp5w-2c3w,3
tar-fs,3.0.4,GHSA-pq67-2wwv-3xjx,tar-fs Vulnerable to Link Following and Path Traversal via Extracting a Crafted tar File,7.5,CVSS_V3,CVSS:3.1/AV:N/AC:L/PR:N/UI:N/S:U/C:N/I:H/A:N,HIGH,CVE-2024-12905,https://nvd.nist.gov/vuln/detail/CVE-2024-12905,3
tar-fs,3.0.4,GHSA-vj76-c3g6-qr5v,tar-fs has a symlink validation bypass if destination directory is predictable with a specific tarball,8.7,CVSS_V4,CVSS:4.0/AV:N/AC:L/AT:N/PR:N/UI:N/VC:N/VI:H/VA:N/SC:N/SI:N/SA:N,HIGH,CVE-2025-59343,https://github.com/mafintosh/tar-fs/security/advisories/GHSA-vj76-c3g6-qr5v,3
tmp,0.0.33,GHSA-52f5-9888-hmc6,tmp allows arbitrary temporary file / directory write via symbolic link `dir` parameter,2.5,CVSS_V3,CVSS:3.1/AV:L/AC:H/PR:L/UI:N/S:U/C:N/I:L/A:N,LOW,CVE-2025-54798,https://github.com/raszi/node-tmp/security/advisories/GHSA-52f5-9888-hmc6,1
tmp,0.0.33,GHSA-ph9p-34f9-6g65,tmp has Path Traversal via unsanitized prefix/postfix that enables directory escape,7.7,CVSS_V4,CVSS:4.0/AV:N/AC:L/AT:N/PR:N/UI:N/VC:H/VI:N/VA:N/SC:N/SI:N/SA:N/E:P,HIGH,CVE-2026-44705,https://github.com/raszi/node-tmp/security/advisories/GHSA-ph9p-34f9-6g65,3
tough-cookie,2.5.0,GHSA-72xf-g2v4-qvf3,tough-cookie Prototype Pollution vulnerability,6.5,CVSS_V3,CVSS:3.1/AV:N/AC:L/PR:N/UI:N/S:U/C:L/I:L/A:N,MODERATE,CVE-2023-26136,https://nvd.nist.gov/vuln/detail/CVE-2023-26136,2
typeorm,0.3.30,GHSA-2rp8-mm9q-fp49, TypeORM: migration:generate template-literal code injection,5.7,CVSS_V3,CVSS:3.1/AV:N/AC:H/PR:H/UI:R/S:U/C:H/I:H/A:N,MODERATE,,https://github.com/typeorm/typeorm/security/advisories/GHSA-2rp8-mm9q-fp49,2
uuid,10.0.0,GHSA-w5hq-g745-h8pq,uuid: Missing buffer bounds check in v3/v5/v6 when buf is provided,7.5,CVSS_V3,CVSS:3.1/AV:N/AC:L/PR:N/UI:N/S:U/C:N/I:H/A:N,MODERATE,"CVE-2026-41907, CVE-2026-41988",https://github.com/uuidjs/uuid/security/advisories/GHSA-w5hq-g745-h8pq,2
uuid,3.4.0,GHSA-w5hq-g745-h8pq,uuid: Missing buffer bounds check in v3/v5/v6 when buf is provided,7.5,CVSS_V3,CVSS:3.1/AV:N/AC:L/PR:N/UI:N/S:U/C:N/I:H/A:N,MODERATE,"CVE-2026-41907, CVE-2026-41988",https://github.com/uuidjs/uuid/security/advisories/GHSA-w5hq-g745-h8pq,2
uuid,8.3.2,GHSA-w5hq-g745-h8pq,uuid: Missing buffer bounds check in v3/v5/v6 when buf is provided,7.5,CVSS_V3,CVSS:3.1/AV:N/AC:L/PR:N/UI:N/S:U/C:N/I:H/A:N,MODERATE,"CVE-2026-41907, CVE-2026-41988",https://github.com/uuidjs/uuid/security/advisories/GHSA-w5hq-g745-h8pq,2
uuid,9.0.1,GHSA-w5hq-g745-h8pq,uuid: Missing buffer bounds check in v3/v5/v6 when buf is provided,7.5,CVSS_V3,CVSS:3.1/AV:N/AC:L/PR:N/UI:N/S:U/C:N/I:H/A:N,MODERATE,"CVE-2026-41907, CVE-2026-41988",https://github.com/uuidjs/uuid/security/advisories/GHSA-w5hq-g745-h8pq,2
vite,4.5.14,GHSA-4w7w-66w2-5vf9,Vite Vulnerable to Path Traversal in Optimized Deps `.map` Handling,6.3,CVSS_V4,CVSS:4.0/AV:N/AC:L/AT:P/PR:N/UI:N/VC:L/VI:N/VA:N/SC:N/SI:N/SA:N,MODERATE,CVE-2026-39365,https://github.com/vitejs/vite/security/advisories/GHSA-4w7w-66w2-5vf9,2
vite,4.5.14,GHSA-93m4-6634-74q7,vite allows server.fs.deny bypass via backslash on Windows,6.0,CVSS_V4,CVSS:4.0/AV:N/AC:L/AT:P/PR:N/UI:P/VC:H/VI:N/VA:N/SC:N/SI:N/SA:N,MODERATE,CVE-2025-62522,https://github.com/vitejs/vite/security/advisories/GHSA-93m4-6634-74q7,2
vite,4.5.14,GHSA-c27g-q93r-2cwf,launch-editor vulnerable to command injection via the crafted request on Windows,7.5,CVSS_V4,CVSS:4.0/AV:N/AC:L/AT:P/PR:N/UI:A/VC:H/VI:H/VA:H/SC:N/SI:N/SA:N,HIGH,CVE-2024-52011,https://github.com/vitejs/launch-editor/security/advisories/GHSA-c27g-q93r-2cwf,3
vite,4.5.14,GHSA-fx2h-pf6j-xcff,vite: `server.fs.deny` bypass on Windows alternate paths,8.2,CVSS_V4,CVSS:4.0/AV:N/AC:L/AT:P/PR:N/UI:N/VC:H/VI:N/VA:N/SC:N/SI:N/SA:N,HIGH,CVE-2026-53571,https://github.com/vitejs/vite/security/advisories/GHSA-fx2h-pf6j-xcff,3
vite,4.5.14,GHSA-g4jq-h2w9-997c,Vite middleware may serve files starting with the same name with the public directory,2.3,CVSS_V4,CVSS:4.0/AV:N/AC:L/AT:P/PR:N/UI:P/VC:L/VI:N/VA:N/SC:N/SI:N/SA:N,LOW,CVE-2025-58751,https://github.com/vitejs/vite/security/advisories/GHSA-g4jq-h2w9-997c,1
vite,4.5.14,GHSA-jqfw-vq24-v9c3,Vite's `server.fs` settings were not applied to HTML files,2.3,CVSS_V4,CVSS:4.0/AV:N/AC:L/AT:P/PR:N/UI:P/VC:L/VI:N/VA:N/SC:N/SI:N/SA:N,LOW,CVE-2025-58752,https://github.com/vitejs/vite/security/advisories/GHSA-jqfw-vq24-v9c3,1
vite,4.5.14,GHSA-v6wh-96g9-6wx3,launch-editor: NTLMv2 hash disclosure via UNC path handling on Windows,5.5,CVSS_V4,CVSS:4.0/AV:N/AC:H/AT:N/PR:N/UI:A/VC:N/VI:N/VA:N/SC:H/SI:H/SA:H,MODERATE,CVE-2026-53632,https://github.com/vitejs/launch-editor/security/advisories/GHSA-v6wh-96g9-6wx3,2
vm2,3.11.2,GHSA-248r-7h7q-cr24,vm2 Has a Sandbox Breakout Using Async Generator,9.8,CVSS_V3,CVSS:3.1/AV:N/AC:L/PR:N/UI:N/S:U/C:H/I:H/A:H,CRITICAL,CVE-2026-45411,https://github.com/patriksimek/vm2/security/advisories/GHSA-248r-7h7q-cr24,4
vm2,3.11.2,GHSA-6j2x-vhqr-qr7q,vm2 sandbox escape via JSPI-backed Promise `.finally()` species bypass,9.8,CVSS_V3,CVSS:3.1/AV:N/AC:L/PR:N/UI:N/S:U/C:H/I:H/A:H,CRITICAL,CVE-2026-47210,https://github.com/patriksimek/vm2/security/advisories/GHSA-6j2x-vhqr-qr7q,4
vm2,3.11.2,GHSA-76w7-j9cq-rx2j,vm2 is Vulnerable to Sandbox Breakout Through Promise Species,10.0,CVSS_V3,CVSS:3.1/AV:N/AC:L/PR:N/UI:N/S:C/C:H/I:H/A:H,CRITICAL,CVE-2026-47208,https://github.com/patriksimek/vm2/security/advisories/GHSA-76w7-j9cq-rx2j,4
vm2,3.11.2,GHSA-9g8x-92q2-p28f,NodeVM observability builtins leak host process and HTTP request data,4.6,CVSS_V4,CVSS:4.0/AV:N/AC:L/AT:P/PR:N/UI:N/VC:H/VI:N/VA:N/SC:L/SI:N/SA:N/E:U,MODERATE,CVE-2026-47141,https://github.com/patriksimek/vm2/security/advisories/GHSA-9g8x-92q2-p28f,2
vm2,3.11.2,GHSA-c4cf-2hgv-2qv6,"vm2's Bridge Proxy set trap ignores receiver parameter, enabling host object property injection via prototype chain",8.6,CVSS_V3,CVSS:3.1/AV:N/AC:L/PR:N/UI:N/S:C/C:N/I:H/A:N,HIGH,CVE-2026-47209,https://github.com/patriksimek/vm2/security/advisories/GHSA-c4cf-2hgv-2qv6,3
vm2,3.11.2,GHSA-m4wx-m65x-ghrr,vm2 has a CVE-2023-37903 patch bypass: nesting:true without explicit require still allows full RCE,10.0,CVSS_V3,CVSS:3.1/AV:N/AC:L/PR:N/UI:N/S:C/C:H/I:H/A:H,CRITICAL,CVE-2026-47137,https://github.com/patriksimek/vm2/security/advisories/GHSA-m4wx-m65x-ghrr,4
vm2,3.11.2,GHSA-m5q2-4fm3-vfqp,vm2 has a sandbox escape via unblocked cross-realm Symbol.for keys + missing bridge write-trap symbol checks,8.7,CVSS_V3,CVSS:3.1/AV:N/AC:H/PR:N/UI:N/S:C/C:H/I:H/A:N,HIGH,CVE-2026-47135,https://github.com/patriksimek/vm2/security/advisories/GHSA-m5q2-4fm3-vfqp,3
vm2,3.11.2,GHSA-q3fm-4wcw-g57x,vm2 setup-sandbox.js violates Defense Invariant #11 in stack-trace formatter,2.1,CVSS_V4,CVSS:4.0/AV:L/AC:H/AT:N/PR:N/UI:N/VC:N/VI:N/VA:N/SC:N/SI:L/SA:N,LOW,,https://github.com/patriksimek/vm2/security/advisories/GHSA-q3fm-4wcw-g57x,1
vm2,3.11.2,GHSA-r9pm-gxmw-wv6p,NodeVM network builtin exclusions bypass via internal _http_client and _http_server,8.6,CVSS_V3,CVSS:3.1/AV:N/AC:L/PR:N/UI:N/S:C/C:H/I:N/A:N,HIGH,CVE-2026-47139,https://github.com/patriksimek/vm2/security/advisories/GHSA-r9pm-gxmw-wv6p,3
vm2,3.11.2,GHSA-rp36-8xq3-r6c4,NodeVM builtin denylist bypass via process and inspector/promises allows host code execution,10.0,CVSS_V3,CVSS:3.1/AV:N/AC:L/PR:N/UI:N/S:C/C:H/I:H/A:H,CRITICAL,CVE-2026-47140,https://github.com/patriksimek/vm2/security/advisories/GHSA-rp36-8xq3-r6c4,4
vm2,3.11.2,GHSA-v6mx-mf47-r5wg,vm2 has a Sandbox Escape issue,10.0,CVSS_V3,CVSS:3.1/AV:N/AC:L/PR:N/UI:N/S:C/C:H/I:H/A:H,CRITICAL,CVE-2026-47131,https://github.com/patriksimek/vm2/security/advisories/GHSA-v6mx-mf47-r5wg,4
ws,8.13.0,GHSA-3h5v-q93c-6h6q,ws affected by a DoS when handling a request with many HTTP headers,8.7,CVSS_V4,CVSS:4.0/AV:N/AC:L/AT:N/PR:N/UI:N/VC:N/VI:N/VA:H/SC:N/SI:N/SA:N,HIGH,CVE-2024-37890,https://github.com/websockets/ws/security/advisories/GHSA-3h5v-q93c-6h6q,3
ws,8.13.0,GHSA-58qx-3vcg-4xpx,ws: Uninitialized memory disclosure,4.4,CVSS_V3,CVSS:3.1/AV:N/AC:H/PR:H/UI:N/S:U/C:H/I:N/A:N,MODERATE,CVE-2026-45736,https://github.com/websockets/ws/security/advisories/GHSA-58qx-3vcg-4xpx,2
ws,8.13.0,GHSA-96hv-2xvq-fx4p,ws: Memory exhaustion DoS from tiny fragments and data chunks,7.5,CVSS_V3,CVSS:3.1/AV:N/AC:L/PR:N/UI:N/S:U/C:N/I:N/A:H,HIGH,CVE-2026-48779,https://github.com/websockets/ws/security/advisories/GHSA-96hv-2xvq-fx4p,3
xlsx,0.18.5,GHSA-4r6h-8v6p-xvw6,Prototype Pollution in sheetJS,7.8,CVSS_V3,CVSS:3.1/AV:L/AC:L/PR:N/UI:R/S:U/C:H/I:H/A:H,HIGH,CVE-2023-30533,https://nvd.nist.gov/vuln/detail/CVE-2023-30533,3
xlsx,0.18.5,GHSA-5pgg-2g8v-p4x9,SheetJS Regular Expression Denial of Service (ReDoS),7.5,CVSS_V3,CVSS:3.1/AV:N/AC:L/PR:N/UI:N/S:U/C:N/I:N/A:H,HIGH,CVE-2024-22363,https://nvd.nist.gov/vuln/detail/CVE-2024-22363,3
xml2js,0.2.8,GHSA-776f-qx25-q3cc,xml2js is vulnerable to prototype pollution,5.3,CVSS_V3,CVSS:3.1/AV:N/AC:L/PR:N/UI:N/S:U/C:N/I:L/A:N,MODERATE,CVE-2023-0842,https://nvd.nist.gov/vuln/detail/CVE-2023-0842,2
